#
# A fatal error has been detected by the Java Runtime Environment:
#
#  SIGSEGV (0xb) at pc=0x0000e37c2706b8f8, pid=148, tid=185
#
# JRE version: OpenJDK Runtime Environment Temurin-21.0.12.1+1 (21.0.12.1+1) (build 21.0.12.1+1-LTS)
# Java VM: OpenJDK 64-Bit Server VM Temurin-21.0.12.1+1 (21.0.12.1+1-LTS, mixed mode, sharing, tiered, compressed oops, compressed class ptrs, g1 gc, linux-aarch64)
# Problematic frame:
# C  [androidx_sqliteJni491398123323959816.tmp+0x7b8f8]  sqlite3DbMallocRawNN+0x34
#
# Core dump will be written. Default location: Determined by the following: "/usr/share/apport/apport -p%p -s%s -c%c -d%d -P%P -u%u -g%g -F%F -- %E" (alternatively, falling back to /src/core/core.148)
#
# If you would like to submit a bug report, please visit:
#   https://github.com/adoptium/adoptium-support/issues
# The crash happened outside the Java Virtual Machine in native code.
# See problematic frame for where to report the bug.
#

---------------  S U M M A R Y ------------

Command Line: -Dorg.gradle.internal.worker.tmpdir=/src/core/build/tmp/jvmTest/work -Xmx512m -Dfile.encoding=UTF-8 -Duser.country=US -Duser.language=en -Duser.variant -ea worker.org.gradle.process.internal.worker.GradleWorkerMain 'Gradle Test Executor 1'

Host: AArch64, 4 cores, 23G, Ubuntu 24.04.5 LTS
Time: Sun Sep 27 09:58:31 2026 UTC elapsed time: 0.798980 seconds (0d 0h 0m 0s)

---------------  T H R E A D  ---------------

Current thread (0x0000e37c04037ee0):  JavaThread "DefaultDispatcher-worker-3 @coroutine#10" daemon [_thread_in_native, id=185, stack(0x0000e37c267f8000,0x0000e37c269f6000) (2040K)]

Stack: [0x0000e37c267f8000,0x0000e37c269f6000],  sp=0x0000e37c269f2950,  free space=2026k
Native frames: (J=compiled Java code, j=interpreted, Vv=VM code, C=native code)
C  [androidx_sqliteJni491398123323959816.tmp+0x7b8f8]  sqlite3DbMallocRawNN+0x34
C  [androidx_sqliteJni491398123323959816.tmp+0xbfacc]  yy_reduce+0xd98
C  [androidx_sqliteJni491398123323959816.tmp+0x70ed8]  sqlite3RunParser+0x2cc
C  [androidx_sqliteJni491398123323959816.tmp+0xb6428]  sqlite3Prepare+0x170
C  [androidx_sqliteJni491398123323959816.tmp+0x6f034]  sqlite3LockAndPrepare+0xac
C  [androidx_sqliteJni491398123323959816.tmp+0x6f400]  sqlite3Prepare16+0x240
C  [androidx_sqliteJni491398123323959816.tmp+0x55a3c]  nativePrepare(JNIEnv_*, _jclass*, long, _jstring*)+0x6c
J 1506  androidx.sqlite.driver.bundled.BundledSQLiteConnectionKt.nativePrepare(JLjava/lang/String;)J (0 bytes) @ 0x0000e37c78353f74 [0x0000e37c78353ec0+0x00000000000000b4]
j  androidx.sqlite.driver.bundled.BundledSQLiteConnectionKt.access$nativePrepare(JLjava/lang/String;)J+2
j  androidx.sqlite.driver.bundled.BundledSQLiteConnection.prepare(Ljava/lang/String;)Landroidx/sqlite/SQLiteStatement;+34
j  dev.stratus.core.backup.PendingStore$add$2.invokeSuspend(Ljava/lang/Object;)Ljava/lang/Object;+41
j  dev.stratus.core.backup.PendingStore$add$2.invoke(Lkotlinx/coroutines/CoroutineScope;Lkotlin/coroutines/Continuation;)Ljava/lang/Object;+12
j  dev.stratus.core.backup.PendingStore$add$2.invoke(Ljava/lang/Object;Ljava/lang/Object;)Ljava/lang/Object;+9
j  kotlinx.coroutines.intrinsics.UndispatchedKt.startUndispatched(Lkotlinx/coroutines/internal/ScopeCoroutine;ZLjava/lang/Object;Lkotlin/jvm/functions/Function2;)Ljava/lang/Object;+39
j  kotlinx.coroutines.intrinsics.UndispatchedKt.startUndispatchedOrReturn(Lkotlinx/coroutines/internal/ScopeCoroutine;Ljava/lang/Object;Lkotlin/jvm/functions/Function2;)Ljava/lang/Object;+4
j  kotlinx.coroutines.BuildersKt__Builders_commonKt.withContext(Lkotlin/coroutines/CoroutineContext;Lkotlin/jvm/functions/Function2;Lkotlin/coroutines/Continuation;)Ljava/lang/Object;+134
j  kotlinx.coroutines.BuildersKt.withContext(Lkotlin/coroutines/CoroutineContext;Lkotlin/jvm/functions/Function2;Lkotlin/coroutines/Continuation;)Ljava/lang/Object;+3
j  dev.stratus.core.backup.PendingStore.add(Ldev/stratus/core/backup/PendingUpload;Lkotlin/coroutines/Continuation;)Ljava/lang/Object;+21
j  dev.stratus.core.backup.PendingStoreTest.queue(Ldev/stratus/core/backup/PendingStore;Ljava/lang/String;JLkotlin/coroutines/Continuation;)Ljava/lang/Object;+27
j  dev.stratus.core.backup.PendingStoreTest.queue$default(Ldev/stratus/core/backup/PendingStoreTest;Ldev/stratus/core/backup/PendingStore;Ljava/lang/String;JLkotlin/coroutines/Continuation;ILjava/lang/Object;)Ljava/lang/Object;+17
j  dev.stratus.core.backup.PendingStoreTest$survivesBeingAskedFromManyThreadsAtOnce$1$1$1$1$1.invokeSuspend(Ljava/lang/Object;)Ljava/lang/Object;+73
J 1538 c1 kotlin.coroutines.jvm.internal.BaseContinuationImpl.resumeWith(Ljava/lang/Object;)V (124 bytes) @ 0x0000e37c70ac1008 [0x0000e37c70ac0b80+0x0000000000000488]
j  kotlinx.coroutines.DispatchedTask.run()V+314
j  kotlinx.coroutines.scheduling.CoroutineScheduler.runSafely(Lkotlinx/coroutines/scheduling/Task;)V+2
j  kotlinx.coroutines.scheduling.CoroutineScheduler$Worker.executeTask(Lkotlinx/coroutines/scheduling/Task;)V+164
j  kotlinx.coroutines.scheduling.CoroutineScheduler$Worker.runWorker()V+44
j  kotlinx.coroutines.scheduling.CoroutineScheduler$Worker.run()V+1
v  ~StubRoutines::call_stub 0x0000e37c77d37154
V  [libjvm.so+0x83ea78]  JavaCalls::call_helper(JavaValue*, methodHandle const&, JavaCallArguments*, JavaThread*)+0x218
V  [libjvm.so+0x840108]  JavaCalls::call_virtual(JavaValue*, Handle, Klass*, Symbol*, Symbol*, JavaThread*)+0x174
V  [libjvm.so+0x8fe380]  thread_entry(JavaThread*, JavaThread*)+0x8c
V  [libjvm.so+0x8550f4]  JavaThread::thread_main_inner()+0x184
V  [libjvm.so+0xdf5b58]  Thread::call_run()+0xa8
V  [libjvm.so+0xbccf3c]  thread_native_entry(Thread*)+0xdc
C  [libc.so.6+0x8582c]
Java frames: (J=compiled Java code, j=interpreted, Vv=VM code)
J 1506  androidx.sqlite.driver.bundled.BundledSQLiteConnectionKt.nativePrepare(JLjava/lang/String;)J (0 bytes) @ 0x0000e37c78353f74 [0x0000e37c78353ec0+0x00000000000000b4]
j  androidx.sqlite.driver.bundled.BundledSQLiteConnectionKt.access$nativePrepare(JLjava/lang/String;)J+2
j  androidx.sqlite.driver.bundled.BundledSQLiteConnection.prepare(Ljava/lang/String;)Landroidx/sqlite/SQLiteStatement;+34
j  dev.stratus.core.backup.PendingStore$add$2.invokeSuspend(Ljava/lang/Object;)Ljava/lang/Object;+41
j  dev.stratus.core.backup.PendingStore$add$2.invoke(Lkotlinx/coroutines/CoroutineScope;Lkotlin/coroutines/Continuation;)Ljava/lang/Object;+12
j  dev.stratus.core.backup.PendingStore$add$2.invoke(Ljava/lang/Object;Ljava/lang/Object;)Ljava/lang/Object;+9
j  kotlinx.coroutines.intrinsics.UndispatchedKt.startUndispatched(Lkotlinx/coroutines/internal/ScopeCoroutine;ZLjava/lang/Object;Lkotlin/jvm/functions/Function2;)Ljava/lang/Object;+39
j  kotlinx.coroutines.intrinsics.UndispatchedKt.startUndispatchedOrReturn(Lkotlinx/coroutines/internal/ScopeCoroutine;Ljava/lang/Object;Lkotlin/jvm/functions/Function2;)Ljava/lang/Object;+4
j  kotlinx.coroutines.BuildersKt__Builders_commonKt.withContext(Lkotlin/coroutines/CoroutineContext;Lkotlin/jvm/functions/Function2;Lkotlin/coroutines/Continuation;)Ljava/lang/Object;+134
j  kotlinx.coroutines.BuildersKt.withContext(Lkotlin/coroutines/CoroutineContext;Lkotlin/jvm/functions/Function2;Lkotlin/coroutines/Continuation;)Ljava/lang/Object;+3
j  dev.stratus.core.backup.PendingStore.add(Ldev/stratus/core/backup/PendingUpload;Lkotlin/coroutines/Continuation;)Ljava/lang/Object;+21
j  dev.stratus.core.backup.PendingStoreTest.queue(Ldev/stratus/core/backup/PendingStore;Ljava/lang/String;JLkotlin/coroutines/Continuation;)Ljava/lang/Object;+27
j  dev.stratus.core.backup.PendingStoreTest.queue$default(Ldev/stratus/core/backup/PendingStoreTest;Ldev/stratus/core/backup/PendingStore;Ljava/lang/String;JLkotlin/coroutines/Continuation;ILjava/lang/Object;)Ljava/lang/Object;+17
j  dev.stratus.core.backup.PendingStoreTest$survivesBeingAskedFromManyThreadsAtOnce$1$1$1$1$1.invokeSuspend(Ljava/lang/Object;)Ljava/lang/Object;+73
J 1538 c1 kotlin.coroutines.jvm.internal.BaseContinuationImpl.resumeWith(Ljava/lang/Object;)V (124 bytes) @ 0x0000e37c70ac1008 [0x0000e37c70ac0b80+0x0000000000000488]
j  kotlinx.coroutines.DispatchedTask.run()V+314
j  kotlinx.coroutines.scheduling.CoroutineScheduler.runSafely(Lkotlinx/coroutines/scheduling/Task;)V+2
j  kotlinx.coroutines.scheduling.CoroutineScheduler$Worker.executeTask(Lkotlinx/coroutines/scheduling/Task;)V+164
j  kotlinx.coroutines.scheduling.CoroutineScheduler$Worker.runWorker()V+44
j  kotlinx.coroutines.scheduling.CoroutineScheduler$Worker.run()V+1
v  ~StubRoutines::call_stub 0x0000e37c77d37154

siginfo: si_signo: 11 (SIGSEGV), si_code: 1 (SEGV_MAPERR), si_addr: 0x008000008800009d

Registers:
R0=0x0000e37c88996f98
R1=0x000000000000004a
R2=0x0000e37c889a6723
R3=0x0000000000000001
R4=0x0000e37c269f3468
R5=0x0000e37c889a97a1
R6=0x000000000000003f
R7=0x74615f6e656b6174
R8=0x008000008800009d
R9=0x0000e37c27008d36
R10=0x0000e37c270afa90
R11=0x0000000000000344
R12=0x0000e37c270604ec
R13=0x0000000000000099
R14=0x0000000000000000
R15=0x0000e37c2700a785
R16=0x0000e37c271d9968
R17=0x0000e37c8ec01940
R18=0x0000e37c889a670f
R19=0x0000e37c269f3468
R20=0x0000000000000001
R21=0x0000e37c889a6723
R22=0x0000e37c269f3468
R23=0x000000000000009d
R24=0x0000000000000001
R25=0x0000e37c269f2b60
R26=0x0000000000000017
R27=0x0000000000000001
R28=0x0000e37c269f3468
R29=0x0000e37c269f2950
R30=0x0000e37c270b5108


Register to memory mapping:

R0 =0x0000e37c88996f98 points into unknown readable memory: 0x0000e37c271d8160 | 60 81 1d 27 7c e3 00 00
R1 =0x000000000000004a is an unknown value
R2 =0x0000e37c889a6723 points into unknown readable memory: 3f 29 00 00 00
R3 =0x0000000000000001 is an unknown value
R4 =0x0000e37c269f3468 is pointing into the stack for thread: 0x0000e37c04037ee0
R5 =0x0000e37c889a97a1 points into unknown readable memory: 00 00 00 00 00 00 00
R6 =0x000000000000003f is an unknown value
R7 =0x74615f6e656b6174 is an unknown value
R8 =0x008000008800009d is an unknown value
R9 =0x0000e37c27008d36: <offset 0x0000000000018d36> in /tmp/androidx_sqliteJni491398123323959816.tmp at 0x0000e37c26ff0000
R10=0x0000e37c270afa90: <offset 0x00000000000bfa90> in /tmp/androidx_sqliteJni491398123323959816.tmp at 0x0000e37c26ff0000
R11=0x0000000000000344 is an unknown value
R12=0x0000e37c270604ec: <offset 0x00000000000704ec> in /tmp/androidx_sqliteJni491398123323959816.tmp at 0x0000e37c26ff0000
R13=0x0000000000000099 is an unknown value
R14=0x0 is null
R15=0x0000e37c2700a785: <offset 0x000000000001a785> in /tmp/androidx_sqliteJni491398123323959816.tmp at 0x0000e37c26ff0000
R16=0x0000e37c271d9968: <offset 0x00000000001e9968> in /tmp/androidx_sqliteJni491398123323959816.tmp at 0x0000e37c26ff0000
R17=0x0000e37c8ec01940: <offset 0x00000000000a1940> in /lib/aarch64-linux-gnu/libc.so.6 at 0x0000e37c8eb60000
R18=0x0000e37c889a670f points into unknown readable memory: 20
R19=0x0000e37c269f3468 is pointing into the stack for thread: 0x0000e37c04037ee0
R20=0x0000000000000001 is an unknown value
R21=0x0000e37c889a6723 points into unknown readable memory: 3f 29 00 00 00
R22=0x0000e37c269f3468 is pointing into the stack for thread: 0x0000e37c04037ee0
R23=0x000000000000009d is an unknown value
R24=0x0000000000000001 is an unknown value
R25=0x0000e37c269f2b60 is pointing into the stack for thread: 0x0000e37c04037ee0
R26=0x0000000000000017 is an unknown value
R27=0x0000000000000001 is an unknown value
R28=0x0000e37c269f3468 is pointing into the stack for thread: 0x0000e37c04037ee0
R29=0x0000e37c269f2950 is pointing into the stack for thread: 0x0000e37c04037ee0
R30=0x0000e37c270b5108: <offset 0x00000000000c5108> in /tmp/androidx_sqliteJni491398123323959816.tmp at 0x0000e37c26ff0000

Top of Stack: (sp=0x0000e37c269f2950)
0x0000e37c269f2950:   0000e37c269f29e0 0000e37c270afacc   .).&|......'|...
0x0000e37c269f2960:   000000003b9ac983 00000000000000ba   ...;............
0x0000e37c269f2970:   0000e37c269f3468 0000000000000001   h4.&|...........
0x0000e37c269f2980:   00000000000000ba 0000e37c269f2a50   ........P*.&|...
0x0000e37c269f2990:   0000e37c04037ee0 000000001f0318b8   .~..|...........
0x0000e37c269f29a0:   0000e37c269f2ad0 0000e37c8df1f53c   .*.&|...<...|...
0x0000e37c269f29b0:   0000e37c04037ee0 0000000000000001   .~..|...........
0x0000e37c269f29c0:   0000e37c269f2af0 0000e37c8df1f53c   .*.&|...<...|...
0x0000e37c269f29d0:   0000e37c269f2a40 0000e37c8e011f34   @*.&|...4...|...
0x0000e37c269f29e0:   0000e37c269f3400 0000e37c27060ed8   .4.&|......'|...
0x0000e37c269f29f0:   0000000000000001 0000008000ba6866   ........fh......
0x0000e37c269f2a00:   000000003b9ac983 00000000000000ba   ...;............
0x0000e37c269f2a10:   00000000000005a3 0000e37c889a6724   ........$g..|...
0x0000e37c269f2a20:   0000e37c2700a91a 0000e37c2700b0b8   ...'|......'|...
0x0000e37c269f2a30:   0000e37c269f2a70 0000e37c269f3468   p*.&|...h4.&|...
0x0000e37c269f2a40:   0000e37c269f3468 0000e37c88996f98   h4.&|....o..|...
0x0000e37c269f2a50:   0000e37c269f2b60 0000e37c269f3468   `+.&|...h4.&|...
0x0000e37c269f2a60:   0000e37c269f33b8 0000e37c269f2a70   .3.&|...p*.&|...
0x0000e37c269f2a70:   0000000000000000 0000000000000001   ................
0x0000e37c269f2a80:   0000e37c269f2b90 00000001010d00f5   .+.&|...........
0x0000e37c269f2a90:   00000000f6a6ea68 00000000f6bdf908   h...............
0x0000e37c269f2aa0:   0000e37c011001ce 0000e37c00000004   ....|.......|...
0x0000e37c269f2ab0:   0000000000000006 0000e37c009800bb   ............|...
0x0000e37c269f2ac0:   0000e37c889a66b9 0000000000000004   .f..|...........
0x0000e37c269f2ad0:   0000e37c0109014b 0000e37c889a94d8   K...|.......|...
0x0000e37c269f2ae0:   0000000000000007 000000000111000d   ................
0x0000e37c269f2af0:   0000e37c889a81d8 0000000000000001   ....|...........
0x0000e37c269f2b00:   0000e37c008c0237 0000e37c889a6709   7...|....g..|...
0x0000e37c269f2b10:   0000000000000006 0000000000160024   ........$.......
0x0000e37c269f2b20:   0000e37c889a6710 0000000000000001   .g..|...........
0x0000e37c269f2b30:   0000e37c00ff01be 0000e37c889a4f38   ....|...8O..|...
0x0000e37c269f2b40:   0000000000000001 0000e37c0019007d   ........}...|...

Instructions: (pc=0x0000e37c2706b8f8)
0x0000e37c2706b7f8:   a9 16 01 f9 a8 f2 00 f9 40 01 3f d6 a1 02 40 f9
0x0000e37c2706b808:   c1 01 00 b4 88 a2 01 91 02 01 40 f9 e0 03 01 aa
0x0000e37c2706b818:   f4 4f 42 a9 f5 0b 40 f9 fd 7b c3 a8 40 00 1f d6
0x0000e37c2706b828:   08 e0 40 f9 01 e0 00 f9 03 00 00 14 08 d8 40 f9
0x0000e37c2706b838:   01 d8 00 f9 28 00 00 f9 f4 4f 42 a9 f5 0b 40 f9
0x0000e37c2706b848:   fd 7b c3 a8 c0 03 5f d6 fd 7b be a9 f3 0b 00 f9
0x0000e37c2706b858:   fd 03 00 91 f3 03 00 aa 40 01 00 b4 68 f2 40 f9
0x0000e37c2706b868:   1f 01 01 eb e9 00 00 54 68 e6 40 f9 1f 01 01 eb
0x0000e37c2706b878:   e9 01 00 54 68 ea 40 f9 1f 01 01 eb c9 01 00 54
0x0000e37c2706b888:   68 0b 00 90 e0 03 01 aa 08 f1 47 f9 00 01 3f d6
0x0000e37c2706b898:   68 72 41 f9 09 01 40 b9 29 01 00 0b 09 01 00 b9
0x0000e37c2706b8a8:   f3 0b 40 f9 fd 7b c2 a8 c0 03 5f d6 00 10 80 52
0x0000e37c2706b8b8:   f8 ff ff 17 60 1e 43 79 f6 ff ff 17 08 18 43 79
0x0000e37c2706b8c8:   1f 01 01 eb e2 00 00 54 08 88 41 b9 08 02 00 34
0x0000e37c2706b8d8:   08 9c 41 39 28 02 00 34 e0 03 1f aa c0 03 5f d6
0x0000e37c2706b8e8:   3f 00 02 f1 e8 02 00 54 08 e0 40 f9 88 01 00 b4
0x0000e37c2706b8f8:   09 01 40 f9 0a 98 41 b9 09 e0 00 f9 49 05 00 11
0x0000e37c2706b908:   09 98 01 b9 e0 03 08 aa c0 03 5f d6 08 9c 41 b9
0x0000e37c2706b918:   08 05 00 11 08 9c 01 b9 c0 00 00 14 08 dc 40 f9
0x0000e37c2706b928:   08 01 00 b4 09 01 40 f9 0a 98 41 b9 09 dc 00 f9
0x0000e37c2706b938:   49 05 00 11 09 98 01 b9 e0 03 08 aa c0 03 5f d6
0x0000e37c2706b948:   08 d8 40 f9 08 01 00 b4 09 01 40 f9 0a 98 41 b9
0x0000e37c2706b958:   09 d8 00 f9 49 05 00 11 09 98 01 b9 e0 03 08 aa
0x0000e37c2706b968:   c0 03 5f d6 08 d4 40 f9 08 01 00 b4 09 01 40 f9
0x0000e37c2706b978:   0a 98 41 b9 09 d4 00 f9 49 05 00 11 09 98 01 b9
0x0000e37c2706b988:   e0 03 08 aa c0 03 5f d6 08 a0 41 b9 08 05 00 11
0x0000e37c2706b998:   08 a0 01 b9 a1 00 00 14 08 9c 41 39 68 00 00 34
0x0000e37c2706b9a8:   e0 03 1f aa c0 03 5f d6 fd 7b bd a9 f6 57 01 a9
0x0000e37c2706b9b8:   f4 4f 02 a9 fd 03 00 91 08 e8 40 f9 1f 01 01 eb
0x0000e37c2706b9c8:   48 02 00 54 08 f0 40 f9 1f 01 01 eb e9 01 00 54
0x0000e37c2706b9d8:   f3 03 01 aa e1 03 02 aa f5 03 00 aa b8 ff ff 97
0x0000e37c2706b9e8:   e0 01 00 b4 a9 e6 40 f9 3f 01 13 eb 49 03 00 54


Stack slot to memory mapping:

stack at sp + 0 slots: 0x0000e37c269f29e0 is pointing into the stack for thread: 0x0000e37c04037ee0
stack at sp + 1 slots: 0x0000e37c270afacc: <offset 0x00000000000bfacc> in /tmp/androidx_sqliteJni491398123323959816.tmp at 0x0000e37c26ff0000
stack at sp + 2 slots: 0x000000003b9ac983 is an unknown value
stack at sp + 3 slots: 0x00000000000000ba is an unknown value
stack at sp + 4 slots: 0x0000e37c269f3468 is pointing into the stack for thread: 0x0000e37c04037ee0
stack at sp + 5 slots: 0x0000000000000001 is an unknown value
stack at sp + 6 slots: 0x00000000000000ba is an unknown value
stack at sp + 7 slots: 0x0000e37c269f2a50 is pointing into the stack for thread: 0x0000e37c04037ee0


Compiled method (n/a) 807 1506     n 0       androidx.sqlite.driver.bundled.BundledSQLiteConnectionKt::nativePrepare (native)
 total in heap  [0x0000e37c78353d10,0x0000e37c783540a8] = 920
 relocation     [0x0000e37c78353e60,0x0000e37c78353e90] = 48
 main code      [0x0000e37c78353ec0,0x0000e37c78354090] = 464
 oops           [0x0000e37c78354090,0x0000e37c783540a0] = 16
 metadata       [0x0000e37c783540a0,0x0000e37c783540a8] = 8

[Constant Pool (empty)]

[MachCode]
[Entry Point]
  # {method} {0x0000e37c506ce028} 'nativePrepare' '(JLjava/lang/String;)J' in 'androidx/sqlite/driver/bundled/BundledSQLiteConnectionKt'
  # parm0:    c_rarg1:c_rarg1 
                        = long
  # parm1:    c_rarg2:c_rarg2 
                        = 'java/lang/String'
  #           [sp+0x60]  (sp of caller)
  0x0000e37c78353ec0: 2808 40b9 | 3f01 086b | 4000 0054 

  0x0000e37c78353ecc: ;   {runtime_call ic_miss_stub}
  0x0000e37c78353ecc: ed7b e817 
[Verified Entry Point]
  0x0000e37c78353ed0: 1f20 03d5 | e953 40d1 | 3f01 00f9 | fd7b bfa9 | fd03 0091 | ff43 01d1 | 2801 0018 | 8923 40b9 
  0x0000e37c78353ef0: 1f01 09eb | e000 0054 | 08f0 98d2 | e8fa aef2 | 886f dcf2 | 0001 3fd6 | 0200 0014 | 0100 0000 
  0x0000e37c78353f10: e207 00f9 | 5f00 1feb | e323 0091 | e303 839a | e203 01aa 

  0x0000e37c78353f24: ;   {oop(a 'java/lang/Class'{0x00000000f75039f8} = 'androidx/sqlite/driver/bundled/BundledSQLiteConnectionKt')}
  0x0000e37c78353f24: 013f 87d2 | 01ea bef2 | 0100 c0f2 | e123 00f9 | e103 0191 | e801 0010 | 88d7 01f9 | e803 0091 
  0x0000e37c78353f44: 88d3 01f9 

  0x0000e37c78353f48: ;   {external_word}
  0x0000e37c78353f48: a83c 0b90 | 08b5 5139 | 8806 0035 | 8003 0f91 | e803 7eb2 | 8933 1191 | 28fd 9f88 

  0x0000e37c78353f64: ;   {runtime_call nativePrepare(JNIEnv_*, _jclass*, long, _jstring*)}
  0x0000e37c78353f64: 083a 8bd2 | 88e0 a4f2 | 886f dcf2 | 0001 3fd6 | a800 80d2 | 884f 04b9 | bf3b 03d5 | 8843 1191 
  0x0000e37c78353f84: 08fd dfc8 | bf03 08eb | a803 0054 | 884b 44b9 | 6803 0035 | e803 7db2 | 8933 1191 | 28fd 9f88 
  0x0000e37c78353fa4: 8823 5339 | 1f09 0071 | c001 0054 

  0x0000e37c78353fb0: ;   {external_word}
  0x0000e37c78353fb0: a83c 0b90 | 08b5 5139 | 2805 0035 | 9fd3 01f9 | 9fd7 01f9 | 821b 42f9 | 5f80 00f9 | bf03 0091 
  0x0000e37c78353fd0: fd7b c1a8 | 8807 40f9 | 4800 00b5 | c003 5fd6 

  0x0000e37c78353fe0: ;   {runtime_call StubRoutines (initial stubs)}
  0x0000e37c78353fe0: 288c e717 | a083 1ff8 

  0x0000e37c78353fe8: ;   {runtime_call SharedRuntime::reguard_yellow_pages()}
  0x0000e37c78353fe8: 8844 96d2 | 08c7 b1f2 | 886f dcf2 | 0001 3fd6 | a083 5ff8 | edff ff17 | a083 1ff8 | e003 1caa 
  0x0000e37c78354008: ;   {runtime_call JavaThread::check_special_condition_for_native_trans(JavaThread*)}
  0x0000e37c78354008: 8850 8bd2 | c8be b1f2 | 886f dcf2 | 0001 3fd6 | a083 5ff8 | dfff ff17 | e10b bea9 | e37f 01a9 
  0x0000e37c78354028: ;   {metadata({method} {0x0000e37c506ce028} 'nativePrepare' '(JLjava/lang/String;)J' in 'androidx/sqlite/driver/bundled/BundledSQLiteConnectionKt')}
  0x0000e37c78354028: 0105 9cd2 | 810d aaf2 | 816f dcf2 | e003 1caa | e833 bfa9 | 0846 94d2 | 08c7 b1f2 | 886f dcf2 
  0x0000e37c78354048: 0001 3fd6 | e833 c1a8 | e37f 41a9 | e10b c2a8 | bfff ff17 | a083 1ff8 

  0x0000e37c78354060: ;   {metadata({method} {0x0000e37c506ce028} 'nativePrepare' '(JLjava/lang/String;)J' in 'androidx/sqlite/driver/bundled/BundledSQLiteConnectionKt')}
  0x0000e37c78354060: 0105 9cd2 | 810d aaf2 | 816f dcf2 | e003 1caa | e833 bfa9 | 0868 94d2 | 08c7 b1f2 | 886f dcf2 
  0x0000e37c78354080: 0001 3fd6 | e833 c1a8 | a083 5ff8 | ccff ff17 
[/MachCode]


Compiled method (c1) 809 1538   !   3       kotlin.coroutines.jvm.internal.BaseContinuationImpl::resumeWith (124 bytes)
 total in heap  [0x0000e37c70ac0610,0x0000e37c70ac3480] = 11888
 relocation     [0x0000e37c70ac0760,0x0000e37c70ac0b80] = 1056
 main code      [0x0000e37c70ac0b80,0x0000e37c70ac2710] = 7056
 stub code      [0x0000e37c70ac2710,0x0000e37c70ac2948] = 568
 oops           [0x0000e37c70ac2948,0x0000e37c70ac2970] = 40
 metadata       [0x0000e37c70ac2970,0x0000e37c70ac2ab0] = 320
 scopes data    [0x0000e37c70ac2ab0,0x0000e37c70ac2f98] = 1256
 scopes pcs     [0x0000e37c70ac2f98,0x0000e37c70ac3408] = 1136
 dependencies   [0x0000e37c70ac3408,0x0000e37c70ac3410] = 8
 handler table  [0x0000e37c70ac3410,0x0000e37c70ac3428] = 24
 nul chk table  [0x0000e37c70ac3428,0x0000e37c70ac3480] = 88

[Constant Pool (empty)]

[MachCode]
[Entry Point]
  # {method} {0x0000e37c50712cc8} 'resumeWith' '(Ljava/lang/Object;)V' in 'kotlin/coroutines/jvm/internal/BaseContinuationImpl'
  # this:     c_rarg1:c_rarg1 
                        = 'kotlin/coroutines/jvm/internal/BaseContinuationImpl'
  # parm0:    c_rarg2:c_rarg2 
                        = 'java/lang/Object'
  #           [sp+0x120]  (sp of caller)
  0x0000e37c70ac0b80: 2808 40b9 | 3f01 086b | c001 0054 

  0x0000e37c70ac0b8c: ;   {runtime_call ic_miss_stub}
  0x0000e37c70ac0b8c: bdc8 ca15 | 1f20 03d5 | 1f20 03d5 | 1f20 03d5 | 1f20 03d5 | 1f20 03d5 | 1f20 03d5 | 1f20 03d5 
  0x0000e37c70ac0bac: 1f20 03d5 | 1f20 03d5 | 1f20 03d5 | 1f20 03d5 | 1f20 03d5 
[Verified Entry Point]
  0x0000e37c70ac0bc0: 1f20 03d5 | e953 40d1 | 3f01 00f9 | ff83 04d1 | fd7b 11a9 | 2801 0018 | 8923 40b9 | 1f01 09eb 
  0x0000e37c70ac0be0: e000 0054 | 08f0 98d2 | e8fa aef2 | 886f dcf2 | 0001 3fd6 | 0200 0014 | 0100 0000 

  0x0000e37c70ac0bfc: ;   {metadata(method data for {method} {0x0000e37c50712cc8} 'resumeWith' '(Ljava/lang/Object;)V' in 'kotlin/coroutines/jvm/internal/BaseContinuationImpl')}
  0x0000e37c70ac0bfc: 0003 84d2 | 6013 aaf2 | 806f dcf2 | 03fc 40b9 | 6308 0011 | 03fc 00b9 | 6324 1f12 | 7f00 0071 
  0x0000e37c70ac0c1c: 00b8 0054 | 0101 00b5 

  0x0000e37c70ac0c24: ;   {metadata(method data for {method} {0x0000e37c50712cc8} 'resumeWith' '(Ljava/lang/Object;)V' in 'kotlin/coroutines/jvm/internal/BaseContinuationImpl')}
  0x0000e37c70ac0c24: 0503 84d2 | 6513 aaf2 | 856f dcf2 | a8e4 4439 | 0801 40b2 | a8e4 0439 | 3d00 0014 

  0x0000e37c70ac0c40: ;   {metadata('kotlin/coroutines/Continuation')}
  0x0000e37c70ac0c40: 04c3 9ad2 | 4421 a0f2 | 0410 c0f2 | 2508 40b9 | a500 59d2 | a810 40f9 | 9f00 08eb | e000 0054 
  0x0000e37c70ac0c60: bf00 04eb | a000 0054 | e513 bfa9 

  0x0000e37c70ac0c6c: ;   {runtime_call slow_subtype_check Runtime1 stub}
  0x0000e37c70ac0c6c: 652c ce95 | e507 41f8 | e504 0034 

  0x0000e37c70ac0c78: ;   {metadata(method data for {method} {0x0000e37c50712cc8} 'resumeWith' '(Ljava/lang/Object;)V' in 'kotlin/coroutines/jvm/internal/BaseContinuationImpl')}
  0x0000e37c70ac0c78: 0503 84d2 | 6513 aaf2 | 856f dcf2 | 2408 40b9 | 8400 59d2 | a940 0591 | 2801 40f9 | 9f00 08eb 
  0x0000e37c70ac0c98: a100 0054 | a8ac 40f9 | 0805 0091 | a8ac 00f9 | 2200 0014 | a980 0591 | 2801 40f9 | 9f00 08eb 
  0x0000e37c70ac0cb8: a100 0054 | a8b4 40f9 | 0805 0091 | a8b4 00f9 | 1a00 0014 | a940 0591 | 2801 40f9 | c800 00b5 
  0x0000e37c70ac0cd8: 2401 00f9 | e803 40b2 | a960 0591 | 2801 00f9 | 1200 0014 | a980 0591 | 2801 40f9 | c800 00b5 
  0x0000e37c70ac0cf8: 2401 00f9 | e803 40b2 | a9a0 0591 | 2801 00f9 | 0a00 0014 | 0900 0014 

  0x0000e37c70ac0d10: ;   {metadata(method data for {method} {0x0000e37c50712cc8} 'resumeWith' '(Ljava/lang/Object;)V' in 'kotlin/coroutines/jvm/internal/BaseContinuationImpl')}
  0x0000e37c70ac0d10: 0503 84d2 | 6513 aaf2 | 856f dcf2 | a8a0 40f9 | 0805 00d1 | a8a0 00f9 | 8505 0014 | 0100 0014 
  0x0000e37c70ac0d30: e003 01aa 

  0x0000e37c70ac0d34: ;   {metadata(method data for {method} {0x0000e37c50712cc8} 'resumeWith' '(Ljava/lang/Object;)V' in 'kotlin/coroutines/jvm/internal/BaseContinuationImpl')}
  0x0000e37c70ac0d34: 0303 84d2 | 6313 aaf2 | 836f dcf2 | 68bc 40f9 | 0805 0091 | 68bc 00f9 

  0x0000e37c70ac0d4c: ;   {metadata(method data for {method} {0x0000e37c50811d58} 'probeCoroutineResumed' '(Lkotlin/coroutines/Continuation;)V' in 'kotlin/coroutines/jvm/internal/DebugProbesKt')}
  0x0000e37c70ac0d4c: 0365 82d2 | 6313 aaf2 | 836f dcf2 | 64fc 40b9 | 8408 0011 | 64fc 00b9 | 844c 1f12 | 9f00 0071 
  0x0000e37c70ac0d6c: c0ae 0054 

  0x0000e37c70ac0d70: ;   {metadata(method data for {method} {0x0000e37c50811d58} 'probeCoroutineResumed' '(Lkotlin/coroutines/Continuation;)V' in 'kotlin/coroutines/jvm/internal/DebugProbesKt')}
  0x0000e37c70ac0d70: 0365 82d2 | 6313 aaf2 | 836f dcf2 | 68a0 40f9 | 0805 0091 | 68a0 00f9 

  0x0000e37c70ac0d88: ;   {metadata(method data for {method} {0x0000e37c5061fb10} 'checkNotNullParameter' '(Ljava/lang/Object;Ljava/lang/String;)V' in 'kotlin/jvm/internal/Intrinsics')}
  0x0000e37c70ac0d88: 032f 9ed2 | 2310 aaf2 | 836f dcf2 | 64fc 40b9 | 8408 0011 | 64fc 00b9 | 844c 1f12 | 9f00 0071 
  0x0000e37c70ac0da8: e0ad 0054 | e303 1faa | 1f00 03eb 

  0x0000e37c70ac0db4: ;   {metadata(method data for {method} {0x0000e37c5061fb10} 'checkNotNullParameter' '(Ljava/lang/Object;Ljava/lang/String;)V' in 'kotlin/jvm/internal/Intrinsics')}
  0x0000e37c70ac0db4: 002f 9ed2 | 2010 aaf2 | 806f dcf2 | 082a 80d2 | 0928 80d2 | 0301 899a | 0468 63f8 | 8404 0091 
  0x0000e37c70ac0dd4: 0468 23f8 | c06b 0054 | 0101 00b5 

  0x0000e37c70ac0de0: ;   {metadata(method data for {method} {0x0000e37c50712cc8} 'resumeWith' '(Ljava/lang/Object;)V' in 'kotlin/coroutines/jvm/internal/BaseContinuationImpl')}
  0x0000e37c70ac0de0: 0403 84d2 | 6413 aaf2 | 846f dcf2 | 8804 4639 | 0801 40b2 | 8804 0639 | 3700 0014 

  0x0000e37c70ac0dfc: ;   {metadata('kotlin/coroutines/jvm/internal/BaseContinuationImpl')}
  0x0000e37c70ac0dfc: 030f 92d2 | 2322 a0f2 | 0310 c0f2 | 2408 40b9 | 8400 59d2 | 881c 40f9 | 7f00 08eb | e104 0054 
  0x0000e37c70ac0e1c: ;   {metadata(method data for {method} {0x0000e37c50712cc8} 'resumeWith' '(Ljava/lang/Object;)V' in 'kotlin/coroutines/jvm/internal/BaseContinuationImpl')}
  0x0000e37c70ac0e1c: 0403 84d2 | 6413 aaf2 | 846f dcf2 | 2308 40b9 | 6300 59d2 | 8960 0691 | 2801 40f9 | 7f00 08eb 
  0x0000e37c70ac0e3c: a100 0054 | 88d0 40f9 | 0805 0091 | 88d0 00f9 | 2200 0014 | 89a0 0691 | 2801 40f9 | 7f00 08eb 
  0x0000e37c70ac0e5c: a100 0054 | 88d8 40f9 | 0805 0091 | 88d8 00f9 | 1a00 0014 | 8960 0691 | 2801 40f9 | c800 00b5 
  0x0000e37c70ac0e7c: 2301 00f9 | e803 40b2 | 8980 0691 | 2801 00f9 | 1200 0014 | 89a0 0691 | 2801 40f9 | c800 00b5 
  0x0000e37c70ac0e9c: 2301 00f9 | e803 40b2 | 89c0 0691 | 2801 00f9 | 0a00 0014 | 0900 0014 

  0x0000e37c70ac0eb4: ;   {metadata(method data for {method} {0x0000e37c50712cc8} 'resumeWith' '(Ljava/lang/Object;)V' in 'kotlin/coroutines/jvm/internal/BaseContinuationImpl')}
  0x0000e37c70ac0eb4: 0403 84d2 | 6413 aaf2 | 846f dcf2 | 88c4 40f9 | 0805 00d1 | 88c4 00f9 | 2e05 0014 | 0100 0014 
  0x0000e37c70ac0ed4: e003 01aa 

  0x0000e37c70ac0ed8: ; implicit exception: dispatches to 0x0000e37c70ac238c
  0x0000e37c70ac0ed8: 030c 40b9 | e35b 00f9 

  0x0000e37c70ac0ee0: ;   {metadata(method data for {method} {0x0000e37c50712cc8} 'resumeWith' '(Ljava/lang/Object;)V' in 'kotlin/coroutines/jvm/internal/BaseContinuationImpl')}
  0x0000e37c70ac0ee0: 0103 84d2 | 6113 aaf2 | 816f dcf2 | 28e0 40f9 | 0805 0091 | 28e0 00f9 

  0x0000e37c70ac0ef8: ;   {metadata(method data for {method} {0x0000e37c5061eac8} 'checkNotNull' '(Ljava/lang/Object;)V' in 'kotlin/jvm/internal/Intrinsics')}
  0x0000e37c70ac0ef8: 01a9 93d2 | 2113 aaf2 | 816f dcf2 | 24fc 40b9 | 8408 0011 | 24fc 00b9 | 844c 1f12 | 9f00 0071 
  0x0000e37c70ac0f18: c0a3 0054 | e103 1faa | 7f00 01eb 

  0x0000e37c70ac0f24: ;   {metadata(method data for {method} {0x0000e37c5061eac8} 'checkNotNull' '(Ljava/lang/Object;)V' in 'kotlin/jvm/internal/Intrinsics')}
  0x0000e37c70ac0f24: 01a9 93d2 | 2113 aaf2 | 816f dcf2 | 082a 80d2 | 0928 80d2 | 0401 899a | 2568 64f8 | a504 0091 
  0x0000e37c70ac0f44: 2568 24f8 | c051 0054 | e103 00aa 

  0x0000e37c70ac0f50: ;   {metadata(method data for {method} {0x0000e37c50712cc8} 'resumeWith' '(Ljava/lang/Object;)V' in 'kotlin/coroutines/jvm/internal/BaseContinuationImpl')}
  0x0000e37c70ac0f50: 0403 84d2 | 6413 aaf2 | 846f dcf2 | 2108 40b9 | 2100 59d2 | 8980 0791 | 2801 40f9 | 3f00 08eb 
  0x0000e37c70ac0f70: a100 0054 | 88f4 40f9 | 0805 0091 | 88f4 00f9 | 1c00 0014 | 89c0 0791 | 2801 40f9 | 3f00 08eb 
  0x0000e37c70ac0f90: a100 0054 | 88fc 40f9 | 0805 0091 | 88fc 00f9 | 1400 0014 | 8980 0791 | 2801 40f9 | c800 00b5 
  0x0000e37c70ac0fb0: 2101 00f9 | e803 40b2 | 89a0 0791 | 2801 00f9 | 0c00 0014 | 89c0 0791 | 2801 40f9 | c800 00b5 
  0x0000e37c70ac0fd0: 2101 00f9 | e803 40b2 | 89e0 0791 | 2801 00f9 | 0400 0014 | 88e8 40f9 | 0805 0091 | 88e8 00f9 
  0x0000e37c70ac0ff0: e103 00aa | e057 00f9 | e9ff 9fd2 | e9ff bff2 | e9ff dff2 

  0x0000e37c70ac1004: ; ImmutableOopMap {[168]=Oop [176]=Oop }
                      ;*invokevirtual invokeSuspend {reexecute=0 rethrow=0 return_oop=0}
                      ; - kotlin.coroutines.jvm.internal.BaseContinuationImpl::resumeWith@40 (line 34)
                      ;   {virtual_call}
  0x0000e37c70ac1004: 4fc3 ca95 

  0x0000e37c70ac1008: ;   {other}
  0x0000e37c70ac1008: 1f20 03d5 | 1f3f 81f2 | 1f00 80f2 

  0x0000e37c70ac1014: ;   {metadata(method data for {method} {0x0000e37c50712cc8} 'resumeWith' '(Ljava/lang/Object;)V' in 'kotlin/coroutines/jvm/internal/BaseContinuationImpl')}
  0x0000e37c70ac1014: 0303 84d2 | 6313 aaf2 | 836f dcf2 | 6804 41f9 | 0805 0091 | 6804 01f9 

  0x0000e37c70ac102c: ;   {metadata(method data for {method} {0x0000e37c5080cdd0} 'getCOROUTINE_SUSPENDED' '()Ljava/lang/Object;' in 'kotlin/coroutines/intrinsics/IntrinsicsKt__IntrinsicsKt')}
  0x0000e37c70ac102c: 0328 97d2 | 2313 aaf2 | 836f dcf2 | 64fc 40b9 | 8408 0011 | 64fc 00b9 | 844c 1f12 | 9f00 0071 
  0x0000e37c70ac104c: 209b 0054 

  0x0000e37c70ac1050: ;   {oop(a 'kotlin/coroutines/intrinsics/CoroutineSingletons'{0x00000000f70d2648})}
  0x0000e37c70ac1050: 03c9 84d2 | a3e1 bef2 | 0300 c0f2 | 1f00 03eb 

  0x0000e37c70ac1060: ;   {metadata(method data for {method} {0x0000e37c50712cc8} 'resumeWith' '(Ljava/lang/Object;)V' in 'kotlin/coroutines/jvm/internal/BaseContinuationImpl')}
  0x0000e37c70ac1060: 0303 84d2 | 6313 aaf2 | 836f dcf2 | 0845 80d2 | 0943 80d2 | 0401 899a | 6a68 64f8 | 4a05 0091 
  0x0000e37c70ac1080: 6a68 24f8 | 006e 0054 

  0x0000e37c70ac1088: ;   {metadata(method data for {method} {0x0000e37c50712cc8} 'resumeWith' '(Ljava/lang/Object;)V' in 'kotlin/coroutines/jvm/internal/BaseContinuationImpl')}
  0x0000e37c70ac1088: 0303 84d2 | 6313 aaf2 | 836f dcf2 | 681c 41f9 | 0805 0091 | 681c 01f9 

  0x0000e37c70ac10a0: ;   {metadata(method data for {method} {0x0000e37c5071a380} 'constructor-impl' '(Ljava/lang/Object;)Ljava/lang/Object;' in 'kotlin/Result')}
  0x0000e37c70ac10a0: 0300 9ed2 | 2313 aaf2 | 836f dcf2 | 64fc 40b9 | 8408 0011 | 64fc 00b9 | 844c 1f12 | 9f00 0071 
  0x0000e37c70ac10c0: 8098 0054 

  0x0000e37c70ac10c4: ;   {metadata(method data for {method} {0x0000e37c50712cc8} 'resumeWith' '(Ljava/lang/Object;)V' in 'kotlin/coroutines/jvm/internal/BaseContinuationImpl')}
  0x0000e37c70ac10c4: 0303 84d2 | 6313 aaf2 | 836f dcf2 | 6424 41f9 | 8404 0091 | 6424 01f9 | 9100 0014 | 8083 42f9 
  0x0000e37c70ac10e4: 9f83 02f9 | 9f87 02f9 

  0x0000e37c70ac10ec: ;   {metadata(method data for {method} {0x0000e37c50712cc8} 'resumeWith' '(Ljava/lang/Object;)V' in 'kotlin/coroutines/jvm/internal/BaseContinuationImpl')}
  0x0000e37c70ac10ec: 0303 84d2 | 6313 aaf2 | 836f dcf2 | 6830 41f9 | 0805 0091 | 6830 01f9 

  0x0000e37c70ac1104: ;   {metadata(method data for {method} {0x0000e37c507385d8} 'createFailure' '(Ljava/lang/Throwable;)Ljava/lang/Object;' in 'kotlin/ResultKt')}
  0x0000e37c70ac1104: 0323 86d2 | 6313 aaf2 | 836f dcf2 | 64fc 40b9 | 8408 0011 | 64fc 00b9 | 844c 1f12 | 9f00 0071 
  0x0000e37c70ac1124: 6096 0054 

  0x0000e37c70ac1128: ;   {metadata(method data for {method} {0x0000e37c507385d8} 'createFailure' '(Ljava/lang/Throwable;)Ljava/lang/Object;' in 'kotlin/ResultKt')}
  0x0000e37c70ac1128: 0323 86d2 | 6313 aaf2 | 836f dcf2 | 68a0 40f9 | 0805 0091 | 68a0 00f9 

  0x0000e37c70ac1140: ;   {metadata(method data for {method} {0x0000e37c5061fb10} 'checkNotNullParameter' '(Ljava/lang/Object;Ljava/lang/String;)V' in 'kotlin/jvm/internal/Intrinsics')}
  0x0000e37c70ac1140: 032f 9ed2 | 2310 aaf2 | 836f dcf2 | 64fc 40b9 | 8408 0011 | 64fc 00b9 | 844c 1f12 | 9f00 0071 
  0x0000e37c70ac1160: 8095 0054 | e303 1faa | 1f00 03eb 

  0x0000e37c70ac116c: ;   {metadata(method data for {method} {0x0000e37c5061fb10} 'checkNotNullParameter' '(Ljava/lang/Object;Ljava/lang/String;)V' in 'kotlin/jvm/internal/Intrinsics')}
  0x0000e37c70ac116c: 032f 9ed2 | 2310 aaf2 | 836f dcf2 | 082a 80d2 | 0928 80d2 | 0401 899a | 6a68 64f8 | 4a05 0091 
  0x0000e37c70ac118c: 6a68 24f8 | 602f 0054 

  0x0000e37c70ac1194: ;   {metadata('kotlin/Result$Failure')}
  0x0000e37c70ac1194: 036b 9bd2 | 2322 a0f2 | 0310 c0f2 | e203 00aa | 80df 40f9 | 0b40 0091 | 88e7 40f9 | 7f01 08eb 
  0x0000e37c70ac11b4: e893 0054 | 8bdf 00f9 | ea03 40b2 | 0a00 00f9 | 6a00 59d2 | 0a7c 0129 | bf3a 03d5 | e103 00aa 
  0x0000e37c70ac11d4: ;   {metadata(method data for {method} {0x0000e37c507385d8} 'createFailure' '(Ljava/lang/Throwable;)Ljava/lang/Object;' in 'kotlin/ResultKt')}
  0x0000e37c70ac11d4: 0323 86d2 | 6313 aaf2 | 836f dcf2 | 68a8 40f9 | 0805 0091 | 68a8 00f9 

  0x0000e37c70ac11ec: ;   {metadata(method data for {method} {0x0000e37c50739ab0} '<init>' '(Ljava/lang/Throwable;)V' in 'kotlin/Result$Failure')}
  0x0000e37c70ac11ec: 0157 86d2 | 6113 aaf2 | 816f dcf2 | 23fc 40b9 | 6308 0011 | 23fc 00b9 | 634c 1f12 | 7f00 0071 
  0x0000e37c70ac120c: 6091 0054 

  0x0000e37c70ac1210: ;   {metadata(method data for {method} {0x0000e37c50739ab0} '<init>' '(Ljava/lang/Throwable;)V' in 'kotlin/Result$Failure')}
  0x0000e37c70ac1210: 0157 86d2 | 6113 aaf2 | 816f dcf2 | 28a0 40f9 | 0805 0091 | 28a0 00f9 

  0x0000e37c70ac1228: ;   {metadata(method data for {method} {0x0000e37c5061fb10} 'checkNotNullParameter' '(Ljava/lang/Object;Ljava/lang/String;)V' in 'kotlin/jvm/internal/Intrinsics')}
  0x0000e37c70ac1228: 012f 9ed2 | 2110 aaf2 | 816f dcf2 | 23fc 40b9 | 6308 0011 | 23fc 00b9 | 634c 1f12 | 7f00 0071 
  0x0000e37c70ac1248: 8090 0054 | e103 1faa | 5f00 01eb 

  0x0000e37c70ac1254: ;   {metadata(method data for {method} {0x0000e37c5061fb10} 'checkNotNullParameter' '(Ljava/lang/Object;Ljava/lang/String;)V' in 'kotlin/jvm/internal/Intrinsics')}
  0x0000e37c70ac1254: 012f 9ed2 | 2110 aaf2 | 816f dcf2 | 082a 80d2 | 0928 80d2 | 0301 899a | 2468 63f8 | 8404 0091 
  0x0000e37c70ac1274: 2468 23f8 | 0018 0054 | e103 00aa 

  0x0000e37c70ac1280: ;   {metadata(method data for {method} {0x0000e37c50739ab0} '<init>' '(Ljava/lang/Throwable;)V' in 'kotlin/Result$Failure')}
  0x0000e37c70ac1280: 0357 86d2 | 6313 aaf2 | 836f dcf2 | 68a8 40f9 | 0805 0091 | 68a8 00f9 

  0x0000e37c70ac1298: ;   {metadata(method data for {method} {0x0000008000475260} '<init>' '()V' in 'java/lang/Object')}
  0x0000e37c70ac1298: 0172 91d2 | 0100 aaf2 | 816f dcf2 | 23fc 40b9 | 6308 0011 | 23fc 00b9 | 634c 1f12 | 7f00 0071 
  0x0000e37c70ac12b8: 008e 0054 | 8103 4139 | 3f00 0071 | a18e 0054 | e803 02aa | 080c 00b9 | 0100 02ca | 21fc 54d3 
  0x0000e37c70ac12d8: 3f00 00f1 | 818e 0054 | bf3a 03d5 

  0x0000e37c70ac12e4: ;   {metadata(method data for {method} {0x0000e37c50712cc8} 'resumeWith' '(Ljava/lang/Object;)V' in 'kotlin/coroutines/jvm/internal/BaseContinuationImpl')}
  0x0000e37c70ac12e4: 0103 84d2 | 6113 aaf2 | 816f dcf2 | 2838 41f9 | 0805 0091 | 2838 01f9 

  0x0000e37c70ac12fc: ;   {metadata(method data for {method} {0x0000e37c5071a380} 'constructor-impl' '(Ljava/lang/Object;)Ljava/lang/Object;' in 'kotlin/Result')}
  0x0000e37c70ac12fc: 0100 9ed2 | 2113 aaf2 | 816f dcf2 | 22fc 40b9 | 4208 0011 | 22fc 00b9 | 424c 1f12 | 5f00 0071 
  0x0000e37c70ac131c: 008d 0054 | e05f 00f9 | e157 40f9 

  0x0000e37c70ac1328: ;   {metadata(method data for {method} {0x0000e37c50712cc8} 'resumeWith' '(Ljava/lang/Object;)V' in 'kotlin/coroutines/jvm/internal/BaseContinuationImpl')}
  0x0000e37c70ac1328: 0203 84d2 | 6213 aaf2 | 826f dcf2 | 2108 40b9 | 2100 59d2 | 4940 0a91 | 2801 40f9 | 3f00 08eb 
  0x0000e37c70ac1348: a100 0054 | 484c 41f9 | 0805 0091 | 484c 01f9 | 1c00 0014 | 4980 0a91 | 2801 40f9 | 3f00 08eb 
  0x0000e37c70ac1368: a100 0054 | 4854 41f9 | 0805 0091 | 4854 01f9 | 1400 0014 | 4940 0a91 | 2801 40f9 | c800 00b5 
  0x0000e37c70ac1388: 2101 00f9 | e803 40b2 | 4960 0a91 | 2801 00f9 | 0c00 0014 | 4980 0a91 | 2801 40f9 | c800 00b5 
  0x0000e37c70ac13a8: 2101 00f9 | e803 40b2 | 49a0 0a91 | 2801 00f9 | 0400 0014 | 4840 41f9 | 0805 0091 | 4840 01f9 
  0x0000e37c70ac13c8: e157 40f9 

  0x0000e37c70ac13cc: ; ImmutableOopMap {[176]=Oop [184]=Oop }
                      ;*invokevirtual releaseIntercepted {reexecute=0 rethrow=0 return_oop=0}
                      ; - kotlin.coroutines.jvm.internal.BaseContinuationImpl::resumeWith@90 (line 40)
                      ;   {optimized virtual_call}
  0x0000e37c70ac13cc: dd04 0094 

  0x0000e37c70ac13d0: ;   {other}
  0x0000e37c70ac13d0: 1f20 03d5 | 1fb8 81f2 | 1f20 80f2 | e35b 40f9 | 0301 00b5 

  0x0000e37c70ac13e4: ;   {metadata(method data for {method} {0x0000e37c50712cc8} 'resumeWith' '(Ljava/lang/Object;)V' in 'kotlin/coroutines/jvm/internal/BaseContinuationImpl')}
  0x0000e37c70ac13e4: 0b03 84d2 | 6b13 aaf2 | 8b6f dcf2 | 68c5 4a39 | 0801 40b2 | 68c5 0a39 | 3700 0014 

  0x0000e37c70ac1400: ;   {metadata('kotlin/coroutines/jvm/internal/BaseContinuationImpl')}
  0x0000e37c70ac1400: 0a0f 92d2 | 2a22 a0f2 | 0a10 c0f2 | 6b08 40b9 | 6b01 59d2 | 681d 40f9 | 5f01 08eb | e104 0054 
  0x0000e37c70ac1420: ;   {metadata(method data for {method} {0x0000e37c50712cc8} 'resumeWith' '(Ljava/lang/Object;)V' in 'kotlin/coroutines/jvm/internal/BaseContinuationImpl')}
  0x0000e37c70ac1420: 0b03 84d2 | 6b13 aaf2 | 8b6f dcf2 | 6a08 40b9 | 4a01 59d2 | 6921 0b91 | 2801 40f9 | 5f01 08eb 
  0x0000e37c70ac1440: a100 0054 | 6869 41f9 | 0805 0091 | 6869 01f9 | 2400 0014 | 6961 0b91 | 2801 40f9 | 5f01 08eb 
  0x0000e37c70ac1460: a100 0054 | 6871 41f9 | 0805 0091 | 6871 01f9 | 1c00 0014 | 6921 0b91 | 2801 40f9 | c800 00b5 
  0x0000e37c70ac1480: 2a01 00f9 | e803 40b2 | 6941 0b91 | 2801 00f9 | 1400 0014 | 6961 0b91 | 2801 40f9 | c800 00b5 
  0x0000e37c70ac14a0: 2a01 00f9 | e803 40b2 | 6981 0b91 | 2801 00f9 | 0c00 0014 | 0b00 0014 

  0x0000e37c70ac14b8: ;   {metadata(method data for {method} {0x0000e37c50712cc8} 'resumeWith' '(Ljava/lang/Object;)V' in 'kotlin/coroutines/jvm/internal/BaseContinuationImpl')}
  0x0000e37c70ac14b8: 0b03 84d2 | 6b13 aaf2 | 8b6f dcf2 | 685d 41f9 | 0805 00d1 | 685d 01f9 | 0200 0014 | 0300 0014 
  0x0000e37c70ac14d8: e003 1faa | 0200 0014 | e003 40b2 | 1f00 0071 

  0x0000e37c70ac14e8: ;   {metadata(method data for {method} {0x0000e37c50712cc8} 'resumeWith' '(Ljava/lang/Object;)V' in 'kotlin/coroutines/jvm/internal/BaseContinuationImpl')}
  0x0000e37c70ac14e8: 0003 84d2 | 6013 aaf2 | 806f dcf2 | 085e 80d2 | e907 78b2 | 0401 899a | 0a68 64f8 | 4a05 0091 
  0x0000e37c70ac1508: 0a68 24f8 | 8042 0054 

  0x0000e37c70ac1510: ;   {metadata(method data for {method} {0x0000e37c50712cc8} 'resumeWith' '(Ljava/lang/Object;)V' in 'kotlin/coroutines/jvm/internal/BaseContinuationImpl')}
  0x0000e37c70ac1510: 0003 84d2 | 6013 aaf2 | 806f dcf2 | 0488 41f9 | 8404 0091 | 0488 01f9 

  0x0000e37c70ac1528: ;   {metadata(method data for {method} {0x0000e37c50712cc8} 'resumeWith' '(Ljava/lang/Object;)V' in 'kotlin/coroutines/jvm/internal/BaseContinuationImpl')}
  0x0000e37c70ac1528: 0003 84d2 | 6013 aaf2 | 806f dcf2 | 0400 41b9 | 8408 0011 | 0400 01b9 | 8430 1f12 | 9f00 0071 
  0x0000e37c70ac1548: a07c 0054 

  0x0000e37c70ac154c: ; ImmutableOopMap {c_rarg3=Oop [176]=Oop [184]=Oop }
                      ;*goto {reexecute=1 rethrow=0 return_oop=0}
                      ; - (reexecute) kotlin.coroutines.jvm.internal.BaseContinuationImpl::resumeWith@121 (line 30)
  0x0000e37c70ac154c: 882f 42f9 

  0x0000e37c70ac1550: ;   {poll}
  0x0000e37c70ac1550: 1f01 40b9 

  0x0000e37c70ac1554: ;   {metadata(method data for {method} {0x0000e37c50712cc8} 'resumeWith' '(Ljava/lang/Object;)V' in 'kotlin/coroutines/jvm/internal/BaseContinuationImpl')}
  0x0000e37c70ac1554: 0003 84d2 | 6013 aaf2 | 806f dcf2 | 04b0 41f9 | 8404 0091 | 04b0 01f9 | e25f 40f9 | e103 03aa 
  0x0000e37c70ac1574: abfd ff17 | e08b 0ca9 

  0x0000e37c70ac157c: ;   {metadata(method data for {method} {0x0000e37c5061fb10} 'checkNotNullParameter' '(Ljava/lang/Object;Ljava/lang/String;)V' in 'kotlin/jvm/internal/Intrinsics')}
  0x0000e37c70ac157c: 042f 9ed2 | 2410 aaf2 | 846f dcf2 | 88b0 40f9 | 0805 0091 | 88b0 00f9 

  0x0000e37c70ac1594: ;   {metadata(method data for {method} {0x0000e37c5061fc90} 'throwParameterIsNullNPE' '(Ljava/lang/String;)V' in 'kotlin/jvm/internal/Intrinsics')}
  0x0000e37c70ac1594: 0466 9ed2 | 2410 aaf2 | 846f dcf2 | 8afc 40b9 | 4a09 0011 | 8afc 00b9 | 4a4d 1f12 | 5f01 0071 
  0x0000e37c70ac15b4: 407a 0054 

  0x0000e37c70ac15b8: ; ImmutableOopMap {[168]=Oop [176]=Oop [200]=Oop [208]=Oop }
                      ;*new {reexecute=0 rethrow=0 return_oop=0}
                      ; - kotlin.jvm.internal.Intrinsics::throwParameterIsNullNPE@0 (line 140)
                      ; - kotlin.jvm.internal.Intrinsics::checkNotNullParameter@5 (line 131)
                      ; - kotlin.Result$Failure::<init>@3
                      ; - kotlin.ResultKt::createFailure@11 (line 122)
                      ; - kotlin.coroutines.jvm.internal.BaseContinuationImpl::resumeWith@76 (line 38)
                      ;   {runtime_call load_mirror_patching Runtime1 stub}
  0x0000e37c70ac15b8: b232 ce95 | 80df 40f9 | 0bc0 0091 | 88e7 40f9 | 7f01 08eb | 887a 0054 | 8bdf 00f9 | ea03 40b2 
  0x0000e37c70ac15d8: 0a00 00f9 | 6a00 59d2 | 0a7c 0129 | 0a40 0091 | 5f7d 00a9 | 5f7d 01a9 | bf3a 03d5 

  0x0000e37c70ac15f4: ;   {metadata(method data for {method} {0x0000e37c5061fc90} 'throwParameterIsNullNPE' '(Ljava/lang/String;)V' in 'kotlin/jvm/internal/Intrinsics')}
  0x0000e37c70ac15f4: 0166 9ed2 | 2110 aaf2 | 816f dcf2 | 28a0 40f9 | 0805 0091 | 28a0 00f9 

  0x0000e37c70ac160c: ;   {oop("exception"{0x00000000f7351e00})}
  0x0000e37c70ac160c: 01c0 83d2 | a1e6 bef2 | 0100 c0f2 | e063 00f9 

  0x0000e37c70ac161c: ; ImmutableOopMap {[168]=Oop [176]=Oop [192]=Oop [200]=Oop [208]=Oop }
                      ;*invokestatic createParameterIsNullExceptionMessage {reexecute=0 rethrow=0 return_oop=0}
                      ; - kotlin.jvm.internal.Intrinsics::throwParameterIsNullNPE@5 (line 140)
                      ; - kotlin.jvm.internal.Intrinsics::checkNotNullParameter@5 (line 131)
                      ; - kotlin.Result$Failure::<init>@3
                      ; - kotlin.ResultKt::createFailure@11 (line 122)
                      ; - kotlin.coroutines.jvm.internal.BaseContinuationImpl::resumeWith@76 (line 38)
                      ;   {static_call}
  0x0000e37c70ac161c: 59c8 ca95 

  0x0000e37c70ac1620: ;   {other}
  0x0000e37c70ac1620: 1f20 03d5 | 1f02 82f2 | 1f80 80f2 | e263 40f9 

  0x0000e37c70ac1630: ;   {metadata(method data for {method} {0x0000e37c5061fc90} 'throwParameterIsNullNPE' '(Ljava/lang/String;)V' in 'kotlin/jvm/internal/Intrinsics')}
  0x0000e37c70ac1630: 0166 9ed2 | 2110 aaf2 | 816f dcf2 | 28a8 40f9 | 0805 0091 | 28a8 00f9 | e203 00aa | e163 40f9 
  0x0000e37c70ac1650: ; ImmutableOopMap {[168]=Oop [176]=Oop [192]=Oop [200]=Oop [208]=Oop }
                      ;*invokespecial <init> {reexecute=0 rethrow=0 return_oop=0}
                      ; - kotlin.jvm.internal.Intrinsics::throwParameterIsNullNPE@8 (line 140)
                      ; - kotlin.jvm.internal.Intrinsics::checkNotNullParameter@5 (line 131)
                      ; - kotlin.Result$Failure::<init>@3
                      ; - kotlin.ResultKt::createFailure@11 (line 122)
                      ; - kotlin.coroutines.jvm.internal.BaseContinuationImpl::resumeWith@76 (line 38)
                      ;   {optimized virtual_call}
  0x0000e37c70ac1650: ccc6 ca95 

  0x0000e37c70ac1654: ;   {other}
  0x0000e37c70ac1654: 1f20 03d5 | 9f08 82f2 | 1fa0 80f2 

  0x0000e37c70ac1660: ;   {metadata(method data for {method} {0x0000e37c5061fc90} 'throwParameterIsNullNPE' '(Ljava/lang/String;)V' in 'kotlin/jvm/internal/Intrinsics')}
  0x0000e37c70ac1660: 0166 9ed2 | 2110 aaf2 | 816f dcf2 | 28b0 40f9 | 0805 0091 | 28b0 00f9 

  0x0000e37c70ac1678: ;   {metadata(method data for {method} {0x0000e37c50620d18} 'sanitizeStackTrace' '(Ljava/lang/Throwable;)Ljava/lang/Throwable;' in 'kotlin/jvm/internal/Intrinsics')}
  0x0000e37c70ac1678: 014e 9fd2 | 2110 aaf2 | 816f dcf2 | 20fc 40b9 | 0008 0011 | 20fc 00b9 | 004c 1f12 | 1f00 0071 
  0x0000e37c70ac1698: 6074 0054 

  0x0000e37c70ac169c: ;   {oop(a 'java/lang/Class'{0x00000000f64dc618} = 'kotlin/jvm/internal/Intrinsics')}
  0x0000e37c70ac169c: 01c3 98d2 | a1c9 bef2 | 0100 c0f2 | e003 01aa 

  0x0000e37c70ac16ac: ;   {metadata(method data for {method} {0x0000e37c50620d18} 'sanitizeStackTrace' '(Ljava/lang/Throwable;)Ljava/lang/Throwable;' in 'kotlin/jvm/internal/Intrinsics')}
  0x0000e37c70ac16ac: 024e 9fd2 | 2210 aaf2 | 826f dcf2 | 48a0 40f9 | 0805 0091 | 48a0 00f9 

  0x0000e37c70ac16c4: ;   {metadata(method data for {method} {0x0000008000469f78} 'getName' '()Ljava/lang/String;' in 'java/lang/Class')}
  0x0000e37c70ac16c4: 006e 93d2 | 6001 aaf2 | 806f dcf2 | 02fc 40b9 | 4208 0011 | 02fc 00b9 | 424c 1f12 | 5f00 0071 
  0x0000e37c70ac16e4: 0073 0054 

  0x0000e37c70ac16e8: ; implicit exception: dispatches to 0x0000e37c70ac2564
  0x0000e37c70ac16e8: 212c 40b9 | e003 1faa | 3f00 00eb 

  0x0000e37c70ac16f4: ;   {metadata(method data for {method} {0x0000008000469f78} 'getName' '()Ljava/lang/String;' in 'java/lang/Class')}
  0x0000e37c70ac16f4: 006e 93d2 | 6001 aaf2 | 806f dcf2 | 0828 80d2 | 092a 80d2 | 0201 899a | 0368 62f8 | 6304 0091 
  0x0000e37c70ac1714: 0368 22f8 | 2001 0054 

  0x0000e37c70ac171c: ;   {metadata(method data for {method} {0x0000008000469f78} 'getName' '()Ljava/lang/String;' in 'java/lang/Class')}
  0x0000e37c70ac171c: 006e 93d2 | 6001 aaf2 | 806f dcf2 | 02b0 40f9 | 4204 0091 | 02b0 00f9 | e003 01aa | 0f00 0014 
  0x0000e37c70ac173c: ;   {oop(a 'java/lang/Class'{0x00000000f64dc618} = 'kotlin/jvm/internal/Intrinsics')}
  0x0000e37c70ac173c: 01c3 98d2 | a1c9 bef2 | 0100 c0f2 | e003 01aa 

  0x0000e37c70ac174c: ;   {metadata(method data for {method} {0x0000008000469f78} 'getName' '()Ljava/lang/String;' in 'java/lang/Class')}
  0x0000e37c70ac174c: 026e 93d2 | 6201 aaf2 | 826f dcf2 | 48bc 40f9 | 0805 0091 | 48bc 00f9 

  0x0000e37c70ac1764: ; ImmutableOopMap {[168]=Oop [176]=Oop [192]=Oop [200]=Oop [208]=Oop }
                      ;*invokevirtual initClassName {reexecute=0 rethrow=0 return_oop=0}
                      ; - java.lang.Class::getName@14 (line 950)
                      ; - kotlin.jvm.internal.Intrinsics::sanitizeStackTrace@3 (line 253)
                      ; - kotlin.jvm.internal.Intrinsics::throwParameterIsNullNPE@11 (line 140)
                      ; - kotlin.jvm.internal.Intrinsics::checkNotNullParameter@5 (line 131)
                      ; - kotlin.Result$Failure::<init>@3
                      ; - kotlin.ResultKt::createFailure@11 (line 122)
                      ; - kotlin.coroutines.jvm.internal.BaseContinuationImpl::resumeWith@76 (line 38)
                      ;   {optimized virtual_call}
  0x0000e37c70ac1764: 87c6 ca95 

  0x0000e37c70ac1768: ;   {other}
  0x0000e37c70ac1768: 1f20 03d5 | 1f2b 82f2 | 1fc0 80f2 | e163 40f9 | 9c02 0014 | e06b 00f9 

  0x0000e37c70ac1780: ;   {metadata(method data for {method} {0x0000e37c5061fb10} 'checkNotNullParameter' '(Ljava/lang/Object;Ljava/lang/String;)V' in 'kotlin/jvm/internal/Intrinsics')}
  0x0000e37c70ac1780: 032f 9ed2 | 2310 aaf2 | 836f dcf2 | 68b0 40f9 | 0805 0091 | 68b0 00f9 

  0x0000e37c70ac1798: ;   {metadata(method data for {method} {0x0000e37c5061fc90} 'throwParameterIsNullNPE' '(Ljava/lang/String;)V' in 'kotlin/jvm/internal/Intrinsics')}
  0x0000e37c70ac1798: 0366 9ed2 | 2310 aaf2 | 836f dcf2 | 60fc 40b9 | 0008 0011 | 60fc 00b9 | 004c 1f12 | 1f00 0071 
  0x0000e37c70ac17b8: 806d 0054 

  0x0000e37c70ac17bc: ; ImmutableOopMap {[168]=Oop [176]=Oop [208]=Oop }
                      ;*new {reexecute=0 rethrow=0 return_oop=0}
                      ; - kotlin.jvm.internal.Intrinsics::throwParameterIsNullNPE@0 (line 140)
                      ; - kotlin.jvm.internal.Intrinsics::checkNotNullParameter@5 (line 131)
                      ; - kotlin.ResultKt::createFailure@3
                      ; - kotlin.coroutines.jvm.internal.BaseContinuationImpl::resumeWith@76 (line 38)
                      ;   {runtime_call load_mirror_patching Runtime1 stub}
  0x0000e37c70ac17bc: 3132 ce95 | 80df 40f9 | 0bc0 0091 | 88e7 40f9 | 7f01 08eb | c86d 0054 | 8bdf 00f9 | ea03 40b2 
  0x0000e37c70ac17dc: 0a00 00f9 | 6a00 59d2 | 0a7c 0129 | 0a40 0091 | 5f7d 00a9 | 5f7d 01a9 | bf3a 03d5 

  0x0000e37c70ac17f8: ;   {metadata(method data for {method} {0x0000e37c5061fc90} 'throwParameterIsNullNPE' '(Ljava/lang/String;)V' in 'kotlin/jvm/internal/Intrinsics')}
  0x0000e37c70ac17f8: 0166 9ed2 | 2110 aaf2 | 816f dcf2 | 28a0 40f9 | 0805 0091 | 28a0 00f9 

  0x0000e37c70ac1810: ;   {oop("exception"{0x00000000f7351e00})}
  0x0000e37c70ac1810: 01c0 83d2 | a1e6 bef2 | 0100 c0f2 | e06f 00f9 

  0x0000e37c70ac1820: ; ImmutableOopMap {[168]=Oop [176]=Oop [208]=Oop [216]=Oop }
                      ;*invokestatic createParameterIsNullExceptionMessage {reexecute=0 rethrow=0 return_oop=0}
                      ; - kotlin.jvm.internal.Intrinsics::throwParameterIsNullNPE@5 (line 140)
                      ; - kotlin.jvm.internal.Intrinsics::checkNotNullParameter@5 (line 131)
                      ; - kotlin.ResultKt::createFailure@3
                      ; - kotlin.coroutines.jvm.internal.BaseContinuationImpl::resumeWith@76 (line 38)
                      ;   {static_call}
  0x0000e37c70ac1820: d8c7 ca95 

  0x0000e37c70ac1824: ;   {other}
  0x0000e37c70ac1824: 1f20 03d5 | 9f42 82f2 | 1f00 81f2 | e26f 40f9 

  0x0000e37c70ac1834: ;   {metadata(method data for {method} {0x0000e37c5061fc90} 'throwParameterIsNullNPE' '(Ljava/lang/String;)V' in 'kotlin/jvm/internal/Intrinsics')}
  0x0000e37c70ac1834: 0166 9ed2 | 2110 aaf2 | 816f dcf2 | 28a8 40f9 | 0805 0091 | 28a8 00f9 | e203 00aa | e16f 40f9 
  0x0000e37c70ac1854: ; ImmutableOopMap {[168]=Oop [176]=Oop [208]=Oop [216]=Oop }
                      ;*invokespecial <init> {reexecute=0 rethrow=0 return_oop=0}
                      ; - kotlin.jvm.internal.Intrinsics::throwParameterIsNullNPE@8 (line 140)
                      ; - kotlin.jvm.internal.Intrinsics::checkNotNullParameter@5 (line 131)
                      ; - kotlin.ResultKt::createFailure@3
                      ; - kotlin.coroutines.jvm.internal.BaseContinuationImpl::resumeWith@76 (line 38)
                      ;   {optimized virtual_call}
  0x0000e37c70ac1854: 4bc6 ca95 

  0x0000e37c70ac1858: ;   {other}
  0x0000e37c70ac1858: 1f20 03d5 | 1f49 82f2 | 1f20 81f2 

  0x0000e37c70ac1864: ;   {metadata(method data for {method} {0x0000e37c5061fc90} 'throwParameterIsNullNPE' '(Ljava/lang/String;)V' in 'kotlin/jvm/internal/Intrinsics')}
  0x0000e37c70ac1864: 0166 9ed2 | 2110 aaf2 | 816f dcf2 | 28b0 40f9 | 0805 0091 | 28b0 00f9 

  0x0000e37c70ac187c: ;   {metadata(method data for {method} {0x0000e37c50620d18} 'sanitizeStackTrace' '(Ljava/lang/Throwable;)Ljava/lang/Throwable;' in 'kotlin/jvm/internal/Intrinsics')}
  0x0000e37c70ac187c: 014e 9fd2 | 2110 aaf2 | 816f dcf2 | 20fc 40b9 | 0008 0011 | 20fc 00b9 | 004c 1f12 | 1f00 0071 
  0x0000e37c70ac189c: a067 0054 

  0x0000e37c70ac18a0: ;   {oop(a 'java/lang/Class'{0x00000000f64dc618} = 'kotlin/jvm/internal/Intrinsics')}
  0x0000e37c70ac18a0: 01c3 98d2 | a1c9 bef2 | 0100 c0f2 | e003 01aa 

  0x0000e37c70ac18b0: ;   {metadata(method data for {method} {0x0000e37c50620d18} 'sanitizeStackTrace' '(Ljava/lang/Throwable;)Ljava/lang/Throwable;' in 'kotlin/jvm/internal/Intrinsics')}
  0x0000e37c70ac18b0: 024e 9fd2 | 2210 aaf2 | 826f dcf2 | 48a0 40f9 | 0805 0091 | 48a0 00f9 

  0x0000e37c70ac18c8: ;   {metadata(method data for {method} {0x0000008000469f78} 'getName' '()Ljava/lang/String;' in 'java/lang/Class')}
  0x0000e37c70ac18c8: 006e 93d2 | 6001 aaf2 | 806f dcf2 | 02fc 40b9 | 4208 0011 | 02fc 00b9 | 424c 1f12 | 5f00 0071 
  0x0000e37c70ac18e8: 4066 0054 

  0x0000e37c70ac18ec: ; implicit exception: dispatches to 0x0000e37c70ac25d0
  0x0000e37c70ac18ec: 212c 40b9 | e003 1faa | 3f00 00eb 

  0x0000e37c70ac18f8: ;   {metadata(method data for {method} {0x0000008000469f78} 'getName' '()Ljava/lang/String;' in 'java/lang/Class')}
  0x0000e37c70ac18f8: 006e 93d2 | 6001 aaf2 | 806f dcf2 | 0828 80d2 | 092a 80d2 | 0201 899a | 0368 62f8 | 6304 0091 
  0x0000e37c70ac1918: 0368 22f8 | 2001 0054 

  0x0000e37c70ac1920: ;   {metadata(method data for {method} {0x0000008000469f78} 'getName' '()Ljava/lang/String;' in 'java/lang/Class')}
  0x0000e37c70ac1920: 006e 93d2 | 6001 aaf2 | 806f dcf2 | 02b0 40f9 | 4204 0091 | 02b0 00f9 | e003 01aa | 0f00 0014 
  0x0000e37c70ac1940: ;   {oop(a 'java/lang/Class'{0x00000000f64dc618} = 'kotlin/jvm/internal/Intrinsics')}
  0x0000e37c70ac1940: 01c3 98d2 | a1c9 bef2 | 0100 c0f2 | e003 01aa 

  0x0000e37c70ac1950: ;   {metadata(method data for {method} {0x0000008000469f78} 'getName' '()Ljava/lang/String;' in 'java/lang/Class')}
  0x0000e37c70ac1950: 026e 93d2 | 6201 aaf2 | 826f dcf2 | 48bc 40f9 | 0805 0091 | 48bc 00f9 

  0x0000e37c70ac1968: ; ImmutableOopMap {[168]=Oop [176]=Oop [208]=Oop [216]=Oop }
                      ;*invokevirtual initClassName {reexecute=0 rethrow=0 return_oop=0}
                      ; - java.lang.Class::getName@14 (line 950)
                      ; - kotlin.jvm.internal.Intrinsics::sanitizeStackTrace@3 (line 253)
                      ; - kotlin.jvm.internal.Intrinsics::throwParameterIsNullNPE@11 (line 140)
                      ; - kotlin.jvm.internal.Intrinsics::checkNotNullParameter@5 (line 131)
                      ; - kotlin.ResultKt::createFailure@3
                      ; - kotlin.coroutines.jvm.internal.BaseContinuationImpl::resumeWith@76 (line 38)
                      ;   {optimized virtual_call}
  0x0000e37c70ac1968: 06c6 ca95 

  0x0000e37c70ac196c: ;   {other}
  0x0000e37c70ac196c: 1f20 03d5 | 9f6b 82f2 | 1f40 81f2 | e16f 40f9 | d001 0014 | e057 00f9 | e277 00f9 

  0x0000e37c70ac1988: ;   {metadata(method data for {method} {0x0000e37c5061eac8} 'checkNotNull' '(Ljava/lang/Object;)V' in 'kotlin/jvm/internal/Intrinsics')}
  0x0000e37c70ac1988: 03a9 93d2 | 2313 aaf2 | 836f dcf2 | 68b0 40f9 | 0805 0091 | 68b0 00f9 

  0x0000e37c70ac19a0: ;   {metadata(method data for {method} {0x0000e37c5061edb0} 'throwJavaNpe' '()V' in 'kotlin/jvm/internal/Intrinsics')}
  0x0000e37c70ac19a0: 03df 93d2 | 2313 aaf2 | 836f dcf2 | 60fc 40b9 | 0008 0011 | 60fc 00b9 | 004c 1f12 | 1f00 0071 
  0x0000e37c70ac19c0: a060 0054 

  0x0000e37c70ac19c4: ; ImmutableOopMap {[168]=Oop [176]=Oop [232]=Oop }
                      ;*new {reexecute=0 rethrow=0 return_oop=0}
                      ; - kotlin.jvm.internal.Intrinsics::throwJavaNpe@0 (line 45)
                      ; - kotlin.jvm.internal.Intrinsics::checkNotNull@4 (line 25)
                      ; - kotlin.coroutines.jvm.internal.BaseContinuationImpl::resumeWith@31 (line 31)
                      ;   {runtime_call load_mirror_patching Runtime1 stub}
  0x0000e37c70ac19c4: af31 ce95 | 80df 40f9 | 0bc0 0091 | 88e7 40f9 | 7f01 08eb | e860 0054 | 8bdf 00f9 | ea03 40b2 
  0x0000e37c70ac19e4: 0a00 00f9 | 6a00 59d2 | 0a7c 0129 | 0a40 0091 | 5f7d 00a9 | 5f7d 01a9 | bf3a 03d5 | e103 00aa 
  0x0000e37c70ac1a04: ;   {metadata(method data for {method} {0x0000e37c5061edb0} 'throwJavaNpe' '()V' in 'kotlin/jvm/internal/Intrinsics')}
  0x0000e37c70ac1a04: 03df 93d2 | 2313 aaf2 | 836f dcf2 | 68a0 40f9 | 0805 0091 | 68a0 00f9 | e103 00aa | e073 00f9 
  0x0000e37c70ac1a24: ; ImmutableOopMap {[168]=Oop [176]=Oop [224]=Oop [232]=Oop }
                      ;*invokespecial <init> {reexecute=0 rethrow=0 return_oop=0}
                      ; - kotlin.jvm.internal.Intrinsics::throwJavaNpe@4 (line 45)
                      ; - kotlin.jvm.internal.Intrinsics::checkNotNull@4 (line 25)
                      ; - kotlin.coroutines.jvm.internal.BaseContinuationImpl::resumeWith@31 (line 31)
                      ;   {optimized virtual_call}
  0x0000e37c70ac1a24: d7c5 ca95 

  0x0000e37c70ac1a28: ;   {other}
  0x0000e37c70ac1a28: 1f20 03d5 | 1f83 82f2 | 1f80 81f2 

  0x0000e37c70ac1a34: ;   {metadata(method data for {method} {0x0000e37c5061edb0} 'throwJavaNpe' '()V' in 'kotlin/jvm/internal/Intrinsics')}
  0x0000e37c70ac1a34: 01df 93d2 | 2113 aaf2 | 816f dcf2 | 28a8 40f9 | 0805 0091 | 28a8 00f9 

  0x0000e37c70ac1a4c: ;   {metadata(method data for {method} {0x0000e37c50620d18} 'sanitizeStackTrace' '(Ljava/lang/Throwable;)Ljava/lang/Throwable;' in 'kotlin/jvm/internal/Intrinsics')}
  0x0000e37c70ac1a4c: 014e 9fd2 | 2110 aaf2 | 816f dcf2 | 20fc 40b9 | 0008 0011 | 20fc 00b9 | 004c 1f12 | 1f00 0071 
  0x0000e37c70ac1a6c: 805c 0054 

  0x0000e37c70ac1a70: ;   {oop(a 'java/lang/Class'{0x00000000f64dc618} = 'kotlin/jvm/internal/Intrinsics')}
  0x0000e37c70ac1a70: 01c3 98d2 | a1c9 bef2 | 0100 c0f2 | e003 01aa 

  0x0000e37c70ac1a80: ;   {metadata(method data for {method} {0x0000e37c50620d18} 'sanitizeStackTrace' '(Ljava/lang/Throwable;)Ljava/lang/Throwable;' in 'kotlin/jvm/internal/Intrinsics')}
  0x0000e37c70ac1a80: 024e 9fd2 | 2210 aaf2 | 826f dcf2 | 48a0 40f9 | 0805 0091 | 48a0 00f9 

  0x0000e37c70ac1a98: ;   {metadata(method data for {method} {0x0000008000469f78} 'getName' '()Ljava/lang/String;' in 'java/lang/Class')}
  0x0000e37c70ac1a98: 006e 93d2 | 6001 aaf2 | 806f dcf2 | 02fc 40b9 | 4208 0011 | 02fc 00b9 | 424c 1f12 | 5f00 0071 
  0x0000e37c70ac1ab8: 205b 0054 

  0x0000e37c70ac1abc: ; implicit exception: dispatches to 0x0000e37c70ac263c
  0x0000e37c70ac1abc: 212c 40b9 | e003 1faa | 3f00 00eb 

  0x0000e37c70ac1ac8: ;   {metadata(method data for {method} {0x0000008000469f78} 'getName' '()Ljava/lang/String;' in 'java/lang/Class')}
  0x0000e37c70ac1ac8: 006e 93d2 | 6001 aaf2 | 806f dcf2 | 0828 80d2 | 092a 80d2 | 0201 899a | 0368 62f8 | 6304 0091 
  0x0000e37c70ac1ae8: 0368 22f8 | 2001 0054 

  0x0000e37c70ac1af0: ;   {metadata(method data for {method} {0x0000008000469f78} 'getName' '()Ljava/lang/String;' in 'java/lang/Class')}
  0x0000e37c70ac1af0: 006e 93d2 | 6001 aaf2 | 806f dcf2 | 02b0 40f9 | 4204 0091 | 02b0 00f9 | e003 01aa | 0f00 0014 
  0x0000e37c70ac1b10: ;   {oop(a 'java/lang/Class'{0x00000000f64dc618} = 'kotlin/jvm/internal/Intrinsics')}
  0x0000e37c70ac1b10: 01c3 98d2 | a1c9 bef2 | 0100 c0f2 | e003 01aa 

  0x0000e37c70ac1b20: ;   {metadata(method data for {method} {0x0000008000469f78} 'getName' '()Ljava/lang/String;' in 'java/lang/Class')}
  0x0000e37c70ac1b20: 026e 93d2 | 6201 aaf2 | 826f dcf2 | 48bc 40f9 | 0805 0091 | 48bc 00f9 

  0x0000e37c70ac1b38: ; ImmutableOopMap {[168]=Oop [176]=Oop [224]=Oop [232]=Oop }
                      ;*invokevirtual initClassName {reexecute=0 rethrow=0 return_oop=0}
                      ; - java.lang.Class::getName@14 (line 950)
                      ; - kotlin.jvm.internal.Intrinsics::sanitizeStackTrace@3 (line 253)
                      ; - kotlin.jvm.internal.Intrinsics::throwJavaNpe@7 (line 45)
                      ; - kotlin.jvm.internal.Intrinsics::checkNotNull@4 (line 25)
                      ; - kotlin.coroutines.jvm.internal.BaseContinuationImpl::resumeWith@31 (line 31)
                      ;   {optimized virtual_call}
  0x0000e37c70ac1b38: 92c5 ca95 

  0x0000e37c70ac1b3c: ;   {other}
  0x0000e37c70ac1b3c: 1f20 03d5 | 9fa5 82f2 | 1fa0 81f2 | e173 40f9 | 1001 0014 | e277 00f9 | e17f 00f9 

  0x0000e37c70ac1b58: ;   {metadata(method data for {method} {0x0000e37c5061fb10} 'checkNotNullParameter' '(Ljava/lang/Object;Ljava/lang/String;)V' in 'kotlin/jvm/internal/Intrinsics')}
  0x0000e37c70ac1b58: 032f 9ed2 | 2310 aaf2 | 836f dcf2 | 68b0 40f9 | 0805 0091 | 68b0 00f9 

  0x0000e37c70ac1b70: ;   {metadata(method data for {method} {0x0000e37c5061fc90} 'throwParameterIsNullNPE' '(Ljava/lang/String;)V' in 'kotlin/jvm/internal/Intrinsics')}
  0x0000e37c70ac1b70: 0366 9ed2 | 2310 aaf2 | 836f dcf2 | 60fc 40b9 | 0008 0011 | 60fc 00b9 | 004c 1f12 | 1f00 0071 
  0x0000e37c70ac1b90: 8055 0054 

  0x0000e37c70ac1b94: ; ImmutableOopMap {[232]=Oop [248]=Oop }
                      ;*new {reexecute=0 rethrow=0 return_oop=0}
                      ; - kotlin.jvm.internal.Intrinsics::throwParameterIsNullNPE@0 (line 140)
                      ; - kotlin.jvm.internal.Intrinsics::checkNotNullParameter@5 (line 131)
                      ; - kotlin.coroutines.jvm.internal.DebugProbesKt::probeCoroutineResumed@3
                      ; - kotlin.coroutines.jvm.internal.BaseContinuationImpl::resumeWith@13 (line 29)
                      ;   {runtime_call load_mirror_patching Runtime1 stub}
  0x0000e37c70ac1b94: 3b31 ce95 | 80df 40f9 | 0bc0 0091 | 88e7 40f9 | 7f01 08eb | c855 0054 | 8bdf 00f9 | ea03 40b2 
  0x0000e37c70ac1bb4: 0a00 00f9 | 6a00 59d2 | 0a7c 0129 | 0a40 0091 | 5f7d 00a9 | 5f7d 01a9 | bf3a 03d5 

  0x0000e37c70ac1bd0: ;   {metadata(method data for {method} {0x0000e37c5061fc90} 'throwParameterIsNullNPE' '(Ljava/lang/String;)V' in 'kotlin/jvm/internal/Intrinsics')}
  0x0000e37c70ac1bd0: 0266 9ed2 | 2210 aaf2 | 826f dcf2 | 48a0 40f9 | 0805 0091 | 48a0 00f9 

  0x0000e37c70ac1be8: ;   {oop("frame"{0x00000000f70cf188})}
  0x0000e37c70ac1be8: 0231 9ed2 | 82e1 bef2 | 0200 c0f2 | e103 02aa | e07b 00f9 

  0x0000e37c70ac1bfc: ; ImmutableOopMap {[232]=Oop [240]=Oop [248]=Oop }
                      ;*invokestatic createParameterIsNullExceptionMessage {reexecute=0 rethrow=0 return_oop=0}
                      ; - kotlin.jvm.internal.Intrinsics::throwParameterIsNullNPE@5 (line 140)
                      ; - kotlin.jvm.internal.Intrinsics::checkNotNullParameter@5 (line 131)
                      ; - kotlin.coroutines.jvm.internal.DebugProbesKt::probeCoroutineResumed@3
                      ; - kotlin.coroutines.jvm.internal.BaseContinuationImpl::resumeWith@13 (line 29)
                      ;   {static_call}
  0x0000e37c70ac1bfc: e1c6 ca95 

  0x0000e37c70ac1c00: ;   {other}
  0x0000e37c70ac1c00: 1f20 03d5 | 1fbe 82f2 | 1fe0 81f2 | e27b 40f9 

  0x0000e37c70ac1c10: ;   {metadata(method data for {method} {0x0000e37c5061fc90} 'throwParameterIsNullNPE' '(Ljava/lang/String;)V' in 'kotlin/jvm/internal/Intrinsics')}
  0x0000e37c70ac1c10: 0166 9ed2 | 2110 aaf2 | 816f dcf2 | 28a8 40f9 | 0805 0091 | 28a8 00f9 | e203 00aa | e17b 40f9 
  0x0000e37c70ac1c30: ; ImmutableOopMap {[232]=Oop [240]=Oop [248]=Oop }
                      ;*invokespecial <init> {reexecute=0 rethrow=0 return_oop=0}
                      ; - kotlin.jvm.internal.Intrinsics::throwParameterIsNullNPE@8 (line 140)
                      ; - kotlin.jvm.internal.Intrinsics::checkNotNullParameter@5 (line 131)
                      ; - kotlin.coroutines.jvm.internal.DebugProbesKt::probeCoroutineResumed@3
                      ; - kotlin.coroutines.jvm.internal.BaseContinuationImpl::resumeWith@13 (line 29)
                      ;   {optimized virtual_call}
  0x0000e37c70ac1c30: 54c5 ca95 

  0x0000e37c70ac1c34: ;   {other}
  0x0000e37c70ac1c34: 1f20 03d5 | 9fc4 82f2 | 1f00 82f2 

  0x0000e37c70ac1c40: ;   {metadata(method data for {method} {0x0000e37c5061fc90} 'throwParameterIsNullNPE' '(Ljava/lang/String;)V' in 'kotlin/jvm/internal/Intrinsics')}
  0x0000e37c70ac1c40: 0166 9ed2 | 2110 aaf2 | 816f dcf2 | 28b0 40f9 | 0805 0091 | 28b0 00f9 

  0x0000e37c70ac1c58: ;   {metadata(method data for {method} {0x0000e37c50620d18} 'sanitizeStackTrace' '(Ljava/lang/Throwable;)Ljava/lang/Throwable;' in 'kotlin/jvm/internal/Intrinsics')}
  0x0000e37c70ac1c58: 014e 9fd2 | 2110 aaf2 | 816f dcf2 | 20fc 40b9 | 0008 0011 | 20fc 00b9 | 004c 1f12 | 1f00 0071 
  0x0000e37c70ac1c78: 804f 0054 

  0x0000e37c70ac1c7c: ;   {oop(a 'java/lang/Class'{0x00000000f64dc618} = 'kotlin/jvm/internal/Intrinsics')}
  0x0000e37c70ac1c7c: 01c3 98d2 | a1c9 bef2 | 0100 c0f2 | e003 01aa 

  0x0000e37c70ac1c8c: ;   {metadata(method data for {method} {0x0000e37c50620d18} 'sanitizeStackTrace' '(Ljava/lang/Throwable;)Ljava/lang/Throwable;' in 'kotlin/jvm/internal/Intrinsics')}
  0x0000e37c70ac1c8c: 024e 9fd2 | 2210 aaf2 | 826f dcf2 | 48a0 40f9 | 0805 0091 | 48a0 00f9 

  0x0000e37c70ac1ca4: ;   {metadata(method data for {method} {0x0000008000469f78} 'getName' '()Ljava/lang/String;' in 'java/lang/Class')}
  0x0000e37c70ac1ca4: 006e 93d2 | 6001 aaf2 | 806f dcf2 | 02fc 40b9 | 4208 0011 | 02fc 00b9 | 424c 1f12 | 5f00 0071 
  0x0000e37c70ac1cc4: 204e 0054 

  0x0000e37c70ac1cc8: ; implicit exception: dispatches to 0x0000e37c70ac26a8
  0x0000e37c70ac1cc8: 212c 40b9 | e003 1faa | 3f00 00eb 

  0x0000e37c70ac1cd4: ;   {metadata(method data for {method} {0x0000008000469f78} 'getName' '()Ljava/lang/String;' in 'java/lang/Class')}
  0x0000e37c70ac1cd4: 006e 93d2 | 6001 aaf2 | 806f dcf2 | 0828 80d2 | 092a 80d2 | 0201 899a | 0368 62f8 | 6304 0091 
  0x0000e37c70ac1cf4: 0368 22f8 | 2001 0054 

  0x0000e37c70ac1cfc: ;   {metadata(method data for {method} {0x0000008000469f78} 'getName' '()Ljava/lang/String;' in 'java/lang/Class')}
  0x0000e37c70ac1cfc: 006e 93d2 | 6001 aaf2 | 806f dcf2 | 02b0 40f9 | 4204 0091 | 02b0 00f9 | e003 01aa | 0f00 0014 
  0x0000e37c70ac1d1c: ;   {oop(a 'java/lang/Class'{0x00000000f64dc618} = 'kotlin/jvm/internal/Intrinsics')}
  0x0000e37c70ac1d1c: 01c3 98d2 | a1c9 bef2 | 0100 c0f2 | e003 01aa 

  0x0000e37c70ac1d2c: ;   {metadata(method data for {method} {0x0000008000469f78} 'getName' '()Ljava/lang/String;' in 'java/lang/Class')}
  0x0000e37c70ac1d2c: 026e 93d2 | 6201 aaf2 | 826f dcf2 | 48bc 40f9 | 0805 0091 | 48bc 00f9 

  0x0000e37c70ac1d44: ; ImmutableOopMap {[232]=Oop [240]=Oop [248]=Oop }
                      ;*invokevirtual initClassName {reexecute=0 rethrow=0 return_oop=0}
                      ; - java.lang.Class::getName@14 (line 950)
                      ; - kotlin.jvm.internal.Intrinsics::sanitizeStackTrace@3 (line 253)
                      ; - kotlin.jvm.internal.Intrinsics::throwParameterIsNullNPE@11 (line 140)
                      ; - kotlin.jvm.internal.Intrinsics::checkNotNullParameter@5 (line 131)
                      ; - kotlin.coroutines.jvm.internal.DebugProbesKt::probeCoroutineResumed@3
                      ; - kotlin.coroutines.jvm.internal.BaseContinuationImpl::resumeWith@13 (line 29)
                      ;   {optimized virtual_call}
  0x0000e37c70ac1d44: 0fc5 ca95 

  0x0000e37c70ac1d48: ;   {other}
  0x0000e37c70ac1d48: 1f20 03d5 | 1fe7 82f2 | 1f20 82f2 | e17b 40f9 | 4100 0014 | e05f 40f9 

  0x0000e37c70ac1d60: ; implicit exception: dispatches to 0x0000e37c70ac26ac
  0x0000e37c70ac1d60: 7f00 40f9 | e203 03aa 

  0x0000e37c70ac1d68: ;   {metadata(method data for {method} {0x0000e37c50712cc8} 'resumeWith' '(Ljava/lang/Object;)V' in 'kotlin/coroutines/jvm/internal/BaseContinuationImpl')}
  0x0000e37c70ac1d68: 0103 84d2 | 6113 aaf2 | 816f dcf2 | 4208 40b9 | 4200 59d2 | 29e0 0c91 | 2801 40f9 | 5f00 08eb 
  0x0000e37c70ac1d88: a100 0054 | 28a0 41f9 | 0805 0091 | 28a0 01f9 | 1c00 0014 | 2920 0d91 | 2801 40f9 | 5f00 08eb 
  0x0000e37c70ac1da8: a100 0054 | 28a8 41f9 | 0805 0091 | 28a8 01f9 | 1400 0014 | 29e0 0c91 | 2801 40f9 | c800 00b5 
  0x0000e37c70ac1dc8: 2201 00f9 | e803 40b2 | 2900 0d91 | 2801 00f9 | 0c00 0014 | 2920 0d91 | 2801 40f9 | c800 00b5 
  0x0000e37c70ac1de8: 2201 00f9 | e803 40b2 | 2940 0d91 | 2801 00f9 | 0400 0014 | 2894 41f9 | 0805 0091 | 2894 01f9 
  0x0000e37c70ac1e08: e203 00aa | e103 03aa | e9ff 9fd2 | e9ff bff2 | e9ff dff2 

  0x0000e37c70ac1e1c: ; ImmutableOopMap {}
                      ;*invokeinterface resumeWith {reexecute=0 rethrow=0 return_oop=0}
                      ; - kotlin.coroutines.jvm.internal.BaseContinuationImpl::resumeWith@114 (line 47)
                      ;   {virtual_call}
  0x0000e37c70ac1e1c: 69c0 ca95 

  0x0000e37c70ac1e20: ;   {other}
  0x0000e37c70ac1e20: 1f20 03d5 | 1f02 83f2 | 1f40 82f2 | fd7b 51a9 | ff83 0491 

  0x0000e37c70ac1e34: ;   {poll_return}
  0x0000e37c70ac1e34: 882b 42f9 | ff63 28eb | a843 0054 | c003 5fd6 | fd7b 51a9 | ff83 0491 

  0x0000e37c70ac1e4c: ;   {poll_return}
  0x0000e37c70ac1e4c: 882b 42f9 | ff63 28eb | 4843 0054 | c003 5fd6 

  0x0000e37c70ac1e5c: ;   {metadata(method data for {method} {0x0000e37c50620d18} 'sanitizeStackTrace' '(Ljava/lang/Throwable;)Ljava/lang/Throwable;' in 'kotlin/jvm/internal/Intrinsics')}
  0x0000e37c70ac1e5c: 024e 9fd2 | 2210 aaf2 | 826f dcf2 | 48bc 40f9 | 0805 0091 | 48bc 00f9 | e203 00aa 

  0x0000e37c70ac1e78: ; ImmutableOopMap {[232]=Oop [248]=Oop }
                      ;*invokestatic sanitizeStackTrace {reexecute=0 rethrow=0 return_oop=0}
                      ; - kotlin.jvm.internal.Intrinsics::sanitizeStackTrace@6 (line 253)
                      ; - kotlin.jvm.internal.Intrinsics::throwParameterIsNullNPE@11 (line 140)
                      ; - kotlin.jvm.internal.Intrinsics::checkNotNullParameter@5 (line 131)
                      ; - kotlin.coroutines.jvm.internal.DebugProbesKt::probeCoroutineResumed@3
                      ; - kotlin.coroutines.jvm.internal.BaseContinuationImpl::resumeWith@13 (line 29)
                      ;   {static_call}
  0x0000e37c70ac1e78: 42c6 ca95 

  0x0000e37c70ac1e7c: ;   {other}
  0x0000e37c70ac1e7c: 1f20 03d5 | 9f0d 83f2 | 1f60 82f2 | e17f 40f9 | 0001 00b5 

  0x0000e37c70ac1e90: ;   {metadata(method data for {method} {0x0000e37c5061fc90} 'throwParameterIsNullNPE' '(Ljava/lang/String;)V' in 'kotlin/jvm/internal/Intrinsics')}
  0x0000e37c70ac1e90: 0466 9ed2 | 2410 aaf2 | 846f dcf2 | 88a4 4539 | 0801 40b2 | 88a4 0539 | 3700 0014 

  0x0000e37c70ac1eac: ;   {metadata('java/lang/NullPointerException')}
  0x0000e37c70ac1eac: 0330 98d2 | c300 a0f2 | 0310 c0f2 | 0408 40b9 | 8400 59d2 | 8828 40f9 | 7f00 08eb | e104 0054 
  0x0000e37c70ac1ecc: ;   {metadata(method data for {method} {0x0000e37c5061fc90} 'throwParameterIsNullNPE' '(Ljava/lang/String;)V' in 'kotlin/jvm/internal/Intrinsics')}
  0x0000e37c70ac1ecc: 0466 9ed2 | 2410 aaf2 | 846f dcf2 | 0308 40b9 | 6300 59d2 | 8900 0691 | 2801 40f9 | 7f00 08eb 
  0x0000e37c70ac1eec: a100 0054 | 88c4 40f9 | 0805 0091 | 88c4 00f9 | 2200 0014 | 8940 0691 | 2801 40f9 | 7f00 08eb 
  0x0000e37c70ac1f0c: a100 0054 | 88cc 40f9 | 0805 0091 | 88cc 00f9 | 1a00 0014 | 8900 0691 | 2801 40f9 | c800 00b5 
  0x0000e37c70ac1f2c: 2301 00f9 | e803 40b2 | 8920 0691 | 2801 00f9 | 1200 0014 | 8940 0691 | 2801 40f9 | c800 00b5 
  0x0000e37c70ac1f4c: 2301 00f9 | e803 40b2 | 8960 0691 | 2801 00f9 | 0a00 0014 | 0900 0014 

  0x0000e37c70ac1f64: ;   {metadata(method data for {method} {0x0000e37c5061fc90} 'throwParameterIsNullNPE' '(Ljava/lang/String;)V' in 'kotlin/jvm/internal/Intrinsics')}
  0x0000e37c70ac1f64: 0466 9ed2 | 2410 aaf2 | 846f dcf2 | 88b8 40f9 | 0805 00d1 | 88b8 00f9 | d301 0014 | 0100 0014 
  0x0000e37c70ac1f84: ; implicit exception: dispatches to 0x0000e37c70ac26d0
  0x0000e37c70ac1f84: 1f00 40f9 | df01 0014 

  0x0000e37c70ac1f8c: ;   {metadata(method data for {method} {0x0000e37c50620d18} 'sanitizeStackTrace' '(Ljava/lang/Throwable;)Ljava/lang/Throwable;' in 'kotlin/jvm/internal/Intrinsics')}
  0x0000e37c70ac1f8c: 024e 9fd2 | 2210 aaf2 | 826f dcf2 | 48bc 40f9 | 0805 0091 | 48bc 00f9 | e203 00aa 

  0x0000e37c70ac1fa8: ; ImmutableOopMap {[168]=Oop [176]=Oop [232]=Oop }
                      ;*invokestatic sanitizeStackTrace {reexecute=0 rethrow=0 return_oop=0}
                      ; - kotlin.jvm.internal.Intrinsics::sanitizeStackTrace@6 (line 253)
                      ; - kotlin.jvm.internal.Intrinsics::throwJavaNpe@7 (line 45)
                      ; - kotlin.jvm.internal.Intrinsics::checkNotNull@4 (line 25)
                      ; - kotlin.coroutines.jvm.internal.BaseContinuationImpl::resumeWith@31 (line 31)
                      ;   {static_call}
  0x0000e37c70ac1fa8: f6c5 ca95 

  0x0000e37c70ac1fac: ;   {other}
  0x0000e37c70ac1fac: 1f20 03d5 | 9f33 83f2 | 1f80 82f2 | e277 40f9 | 0001 00b5 

  0x0000e37c70ac1fc0: ;   {metadata(method data for {method} {0x0000e37c5061edb0} 'throwJavaNpe' '()V' in 'kotlin/jvm/internal/Intrinsics')}
  0x0000e37c70ac1fc0: 04df 93d2 | 2413 aaf2 | 846f dcf2 | 8864 4539 | 0801 40b2 | 8864 0539 | 3700 0014 

  0x0000e37c70ac1fdc: ;   {metadata('java/lang/NullPointerException')}
  0x0000e37c70ac1fdc: 0330 98d2 | c300 a0f2 | 0310 c0f2 | 0408 40b9 | 8400 59d2 | 8828 40f9 | 7f00 08eb | e104 0054 
  0x0000e37c70ac1ffc: ;   {metadata(method data for {method} {0x0000e37c5061edb0} 'throwJavaNpe' '()V' in 'kotlin/jvm/internal/Intrinsics')}
  0x0000e37c70ac1ffc: 04df 93d2 | 2413 aaf2 | 846f dcf2 | 0308 40b9 | 6300 59d2 | 89c0 0591 | 2801 40f9 | 7f00 08eb 
  0x0000e37c70ac201c: a100 0054 | 88bc 40f9 | 0805 0091 | 88bc 00f9 | 2200 0014 | 8900 0691 | 2801 40f9 | 7f00 08eb 
  0x0000e37c70ac203c: a100 0054 | 88c4 40f9 | 0805 0091 | 88c4 00f9 | 1a00 0014 | 89c0 0591 | 2801 40f9 | c800 00b5 
  0x0000e37c70ac205c: 2301 00f9 | e803 40b2 | 89e0 0591 | 2801 00f9 | 1200 0014 | 8900 0691 | 2801 40f9 | c800 00b5 
  0x0000e37c70ac207c: 2301 00f9 | e803 40b2 | 8920 0691 | 2801 00f9 | 0a00 0014 | 0900 0014 

  0x0000e37c70ac2094: ;   {metadata(method data for {method} {0x0000e37c5061edb0} 'throwJavaNpe' '()V' in 'kotlin/jvm/internal/Intrinsics')}
  0x0000e37c70ac2094: 04df 93d2 | 2413 aaf2 | 846f dcf2 | 88b0 40f9 | 0805 00d1 | 88b0 00f9 | 8a01 0014 | 0100 0014 
  0x0000e37c70ac20b4: ; implicit exception: dispatches to 0x0000e37c70ac26dc
  0x0000e37c70ac20b4: 1f00 40f9 | 9301 0014 

  0x0000e37c70ac20bc: ;   {metadata(method data for {method} {0x0000e37c50620d18} 'sanitizeStackTrace' '(Ljava/lang/Throwable;)Ljava/lang/Throwable;' in 'kotlin/jvm/internal/Intrinsics')}
  0x0000e37c70ac20bc: 024e 9fd2 | 2210 aaf2 | 826f dcf2 | 48bc 40f9 | 0805 0091 | 48bc 00f9 | e203 00aa 

  0x0000e37c70ac20d8: ; ImmutableOopMap {[168]=Oop [176]=Oop [208]=Oop }
                      ;*invokestatic sanitizeStackTrace {reexecute=0 rethrow=0 return_oop=0}
                      ; - kotlin.jvm.internal.Intrinsics::sanitizeStackTrace@6 (line 253)
                      ; - kotlin.jvm.internal.Intrinsics::throwParameterIsNullNPE@11 (line 140)
                      ; - kotlin.jvm.internal.Intrinsics::checkNotNullParameter@5 (line 131)
                      ; - kotlin.ResultKt::createFailure@3
                      ; - kotlin.coroutines.jvm.internal.BaseContinuationImpl::resumeWith@76 (line 38)
                      ;   {static_call}
  0x0000e37c70ac20d8: aac5 ca95 

  0x0000e37c70ac20dc: ;   {other}
  0x0000e37c70ac20dc: 1f20 03d5 | 9f59 83f2 | 1fa0 82f2 | 0001 00b5 

  0x0000e37c70ac20ec: ;   {metadata(method data for {method} {0x0000e37c5061fc90} 'throwParameterIsNullNPE' '(Ljava/lang/String;)V' in 'kotlin/jvm/internal/Intrinsics')}
  0x0000e37c70ac20ec: 0366 9ed2 | 2310 aaf2 | 836f dcf2 | 68a4 4539 | 0801 40b2 | 68a4 0539 | 3700 0014 

  0x0000e37c70ac2108: ;   {metadata('java/lang/NullPointerException')}
  0x0000e37c70ac2108: 0230 98d2 | c200 a0f2 | 0210 c0f2 | 0308 40b9 | 6300 59d2 | 6828 40f9 | 5f00 08eb | e104 0054 
  0x0000e37c70ac2128: ;   {metadata(method data for {method} {0x0000e37c5061fc90} 'throwParameterIsNullNPE' '(Ljava/lang/String;)V' in 'kotlin/jvm/internal/Intrinsics')}
  0x0000e37c70ac2128: 0366 9ed2 | 2310 aaf2 | 836f dcf2 | 0208 40b9 | 4200 59d2 | 6900 0691 | 2801 40f9 | 5f00 08eb 
  0x0000e37c70ac2148: a100 0054 | 68c4 40f9 | 0805 0091 | 68c4 00f9 | 2200 0014 | 6940 0691 | 2801 40f9 | 5f00 08eb 
  0x0000e37c70ac2168: a100 0054 | 68cc 40f9 | 0805 0091 | 68cc 00f9 | 1a00 0014 | 6900 0691 | 2801 40f9 | c800 00b5 
  0x0000e37c70ac2188: 2201 00f9 | e803 40b2 | 6920 0691 | 2801 00f9 | 1200 0014 | 6940 0691 | 2801 40f9 | c800 00b5 
  0x0000e37c70ac21a8: 2201 00f9 | e803 40b2 | 6960 0691 | 2801 00f9 | 0a00 0014 | 0900 0014 

  0x0000e37c70ac21c0: ;   {metadata(method data for {method} {0x0000e37c5061fc90} 'throwParameterIsNullNPE' '(Ljava/lang/String;)V' in 'kotlin/jvm/internal/Intrinsics')}
  0x0000e37c70ac21c0: 0366 9ed2 | 2310 aaf2 | 836f dcf2 | 68b8 40f9 | 0805 00d1 | 68b8 00f9 | 4201 0014 | 0100 0014 
  0x0000e37c70ac21e0: ; implicit exception: dispatches to 0x0000e37c70ac26e8
  0x0000e37c70ac21e0: 1f00 40f9 | 4801 0014 

  0x0000e37c70ac21e8: ;   {metadata(method data for {method} {0x0000e37c50620d18} 'sanitizeStackTrace' '(Ljava/lang/Throwable;)Ljava/lang/Throwable;' in 'kotlin/jvm/internal/Intrinsics')}
  0x0000e37c70ac21e8: 024e 9fd2 | 2210 aaf2 | 826f dcf2 | 48bc 40f9 | 0805 0091 | 48bc 00f9 | e203 00aa 

  0x0000e37c70ac2204: ; ImmutableOopMap {[168]=Oop [176]=Oop [200]=Oop [208]=Oop }
                      ;*invokestatic sanitizeStackTrace {reexecute=0 rethrow=0 return_oop=0}
                      ; - kotlin.jvm.internal.Intrinsics::sanitizeStackTrace@6 (line 253)
                      ; - kotlin.jvm.internal.Intrinsics::throwParameterIsNullNPE@11 (line 140)
                      ; - kotlin.jvm.internal.Intrinsics::checkNotNullParameter@5 (line 131)
                      ; - kotlin.Result$Failure::<init>@3
                      ; - kotlin.ResultKt::createFailure@11 (line 122)
                      ; - kotlin.coroutines.jvm.internal.BaseContinuationImpl::resumeWith@76 (line 38)
                      ;   {static_call}
  0x0000e37c70ac2204: 5fc5 ca95 

  0x0000e37c70ac2208: ;   {other}
  0x0000e37c70ac2208: 1f20 03d5 | 1f7f 83f2 | 1fc0 82f2 | e287 4ca9 | e48f 4aa9 | 0001 00b5 

  0x0000e37c70ac2220: ;   {metadata(method data for {method} {0x0000e37c5061fc90} 'throwParameterIsNullNPE' '(Ljava/lang/String;)V' in 'kotlin/jvm/internal/Intrinsics')}
  0x0000e37c70ac2220: 0766 9ed2 | 2710 aaf2 | 876f dcf2 | e8a4 4539 | 0801 40b2 | e8a4 0539 | 3700 0014 

  0x0000e37c70ac223c: ;   {metadata('java/lang/NullPointerException')}
  0x0000e37c70ac223c: 0630 98d2 | c600 a0f2 | 0610 c0f2 | 0708 40b9 | e700 59d2 | e828 40f9 | df00 08eb | e104 0054 
  0x0000e37c70ac225c: ;   {metadata(method data for {method} {0x0000e37c5061fc90} 'throwParameterIsNullNPE' '(Ljava/lang/String;)V' in 'kotlin/jvm/internal/Intrinsics')}
  0x0000e37c70ac225c: 0766 9ed2 | 2710 aaf2 | 876f dcf2 | 0608 40b9 | c600 59d2 | e900 0691 | 2801 40f9 | df00 08eb 
  0x0000e37c70ac227c: a100 0054 | e8c4 40f9 | 0805 0091 | e8c4 00f9 | 2200 0014 | e940 0691 | 2801 40f9 | df00 08eb 
  0x0000e37c70ac229c: a100 0054 | e8cc 40f9 | 0805 0091 | e8cc 00f9 | 1a00 0014 | e900 0691 | 2801 40f9 | c800 00b5 
  0x0000e37c70ac22bc: 2601 00f9 | e803 40b2 | e920 0691 | 2801 00f9 | 1200 0014 | e940 0691 | 2801 40f9 | c800 00b5 
  0x0000e37c70ac22dc: 2601 00f9 | e803 40b2 | e960 0691 | 2801 00f9 | 0a00 0014 | 0900 0014 

  0x0000e37c70ac22f4: ;   {metadata(method data for {method} {0x0000e37c5061fc90} 'throwParameterIsNullNPE' '(Ljava/lang/String;)V' in 'kotlin/jvm/internal/Intrinsics')}
  0x0000e37c70ac22f4: 0766 9ed2 | 2710 aaf2 | 876f dcf2 | e8b8 40f9 | 0805 00d1 | e8b8 00f9 | f800 0014 | 0100 0014 
  0x0000e37c70ac2314: ; implicit exception: dispatches to 0x0000e37c70ac26f4
  0x0000e37c70ac2314: 1f00 40f9 | fb00 0014 

  0x0000e37c70ac231c: ;   {metadata({method} {0x0000e37c50712cc8} 'resumeWith' '(Ljava/lang/Object;)V' in 'kotlin/coroutines/jvm/internal/BaseContinuationImpl')}
  0x0000e37c70ac231c: 0899 85d2 | 280e aaf2 | 886f dcf2 | e807 00f9 | 0800 8092 | e803 00f9 

  0x0000e37c70ac2334: ; ImmutableOopMap {c_rarg1=Oop c_rarg2=Oop }
                      ;*synchronization entry
                      ; - kotlin.coroutines.jvm.internal.BaseContinuationImpl::resumeWith@-1 (line 24)
                      ;   {runtime_call counter_overflow Runtime1 stub}
  0x0000e37c70ac2334: 9331 ce95 | 3afa ff17 | e803 01aa 

  0x0000e37c70ac2340: ; ImmutableOopMap {c_rarg2=Oop c_rarg1=Oop }
                      ;*checkcast {reexecute=0 rethrow=0 return_oop=0}
                      ; - kotlin.coroutines.jvm.internal.BaseContinuationImpl::resumeWith@10 (line 29)
                      ;   {runtime_call throw_class_cast_exception Runtime1 stub}
  0x0000e37c70ac2340: 7023 ce95 

  0x0000e37c70ac2344: ;   {metadata({method} {0x0000e37c50811d58} 'probeCoroutineResumed' '(Lkotlin/coroutines/Continuation;)V' in 'kotlin/coroutines/jvm/internal/DebugProbesKt')}
  0x0000e37c70ac2344: 08ab 83d2 | 2810 aaf2 | 886f dcf2 | e807 00f9 | 0800 8092 | e803 00f9 

  0x0000e37c70ac235c: ; ImmutableOopMap {c_rarg2=Oop c_rarg1=Oop c_rarg0=Oop }
                      ;*synchronization entry
                      ; - kotlin.coroutines.jvm.internal.DebugProbesKt::probeCoroutineResumed@-1
                      ; - kotlin.coroutines.jvm.internal.BaseContinuationImpl::resumeWith@13 (line 29)
                      ;   {runtime_call counter_overflow Runtime1 stub}
  0x0000e37c70ac235c: 8931 ce95 | 84fa ff17 

  0x0000e37c70ac2364: ;   {metadata({method} {0x0000e37c5061fb10} 'checkNotNullParameter' '(Ljava/lang/Object;Ljava/lang/String;)V' in 'kotlin/jvm/internal/Intrinsics')}
  0x0000e37c70ac2364: 0862 9fd2 | 280c aaf2 | 886f dcf2 | e807 00f9 | 0800 8092 | e803 00f9 

  0x0000e37c70ac237c: ; ImmutableOopMap {c_rarg2=Oop c_rarg1=Oop c_rarg0=Oop }
                      ;*synchronization entry
                      ; - kotlin.jvm.internal.Intrinsics::checkNotNullParameter@-1 (line 130)
                      ; - kotlin.coroutines.jvm.internal.DebugProbesKt::probeCoroutineResumed@3
                      ; - kotlin.coroutines.jvm.internal.BaseContinuationImpl::resumeWith@13 (line 29)
                      ;   {runtime_call counter_overflow Runtime1 stub}
  0x0000e37c70ac237c: 8131 ce95 | 8bfa ff17 | e803 01aa 

  0x0000e37c70ac2388: ; ImmutableOopMap {c_rarg2=Oop }
                      ;*checkcast {reexecute=0 rethrow=0 return_oop=0}
                      ; - kotlin.coroutines.jvm.internal.BaseContinuationImpl::resumeWith@17 (line 30)
                      ;   {runtime_call throw_class_cast_exception Runtime1 stub}
  0x0000e37c70ac2388: 5e23 ce95 

  0x0000e37c70ac238c: ; ImmutableOopMap {c_rarg2=Oop c_rarg0=Oop }
                      ;*getfield completion {reexecute=1 rethrow=0 return_oop=0}
                      ; - (reexecute) kotlin.coroutines.jvm.internal.BaseContinuationImpl::resumeWith@27 (line 31)
                      ;   {runtime_call throw_null_pointer_exception Runtime1 stub}
  0x0000e37c70ac238c: dd16 ce95 

  0x0000e37c70ac2390: ;   {metadata({method} {0x0000e37c5061eac8} 'checkNotNull' '(Ljava/lang/Object;)V' in 'kotlin/jvm/internal/Intrinsics')}
  0x0000e37c70ac2390: 0859 9dd2 | 280c aaf2 | 886f dcf2 | e807 00f9 | 0800 8092 | e803 00f9 

  0x0000e37c70ac23a8: ; ImmutableOopMap {c_rarg2=Oop c_rarg0=Oop c_rarg3=Oop [176]=Oop }
                      ;*synchronization entry
                      ; - kotlin.jvm.internal.Intrinsics::checkNotNull@-1 (line 24)
                      ; - kotlin.coroutines.jvm.internal.BaseContinuationImpl::resumeWith@31 (line 31)
                      ;   {runtime_call counter_overflow Runtime1 stub}
  0x0000e37c70ac23a8: 7631 ce95 | dcfa ff17 

  0x0000e37c70ac23b0: ;   {metadata({method} {0x0000e37c5080cdd0} 'getCOROUTINE_SUSPENDED' '()Ljava/lang/Object;' in 'kotlin/coroutines/intrinsics/IntrinsicsKt__IntrinsicsKt')}
  0x0000e37c70ac23b0: 08ba 99d2 | 0810 aaf2 | 886f dcf2 | e807 00f9 | 0800 8092 | e803 00f9 

  0x0000e37c70ac23c8: ; ImmutableOopMap {c_rarg0=Oop [168]=Oop [176]=Oop }
                      ;*synchronization entry
                      ; - kotlin.coroutines.intrinsics.IntrinsicsKt__IntrinsicsKt::getCOROUTINE_SUSPENDED@-1 (line 57)
                      ; - kotlin.coroutines.jvm.internal.BaseContinuationImpl::resumeWith@47 (line 35)
                      ;   {runtime_call counter_overflow Runtime1 stub}
  0x0000e37c70ac23c8: 6e31 ce95 | 21fb ff17 

  0x0000e37c70ac23d0: ;   {metadata({method} {0x0000e37c5071a380} 'constructor-impl' '(Ljava/lang/Object;)Ljava/lang/Object;' in 'kotlin/Result')}
  0x0000e37c70ac23d0: 0870 94d2 | 280e aaf2 | 886f dcf2 | e807 00f9 | 0800 8092 | e803 00f9 

  0x0000e37c70ac23e8: ; ImmutableOopMap {c_rarg0=Oop [168]=Oop [176]=Oop }
                      ;*synchronization entry
                      ; - kotlin.Result::constructor-impl@-1
                      ; - kotlin.coroutines.jvm.internal.BaseContinuationImpl::resumeWith@60 (line 36)
                      ;   {runtime_call counter_overflow Runtime1 stub}
  0x0000e37c70ac23e8: 6631 ce95 | 36fb ff17 

  0x0000e37c70ac23f0: ;   {metadata({method} {0x0000e37c507385d8} 'createFailure' '(Ljava/lang/Throwable;)Ljava/lang/Object;' in 'kotlin/ResultKt')}
  0x0000e37c70ac23f0: 08bb 90d2 | 680e aaf2 | 886f dcf2 | e807 00f9 | 0800 8092 | e803 00f9 

  0x0000e37c70ac2408: ; ImmutableOopMap {c_rarg0=Oop [168]=Oop [176]=Oop }
                      ;*synchronization entry
                      ; - kotlin.ResultKt::createFailure@-1
                      ; - kotlin.coroutines.jvm.internal.BaseContinuationImpl::resumeWith@76 (line 38)
                      ;   {runtime_call counter_overflow Runtime1 stub}
  0x0000e37c70ac2408: 5e31 ce95 | 47fb ff17 

  0x0000e37c70ac2410: ;   {metadata({method} {0x0000e37c5061fb10} 'checkNotNullParameter' '(Ljava/lang/Object;Ljava/lang/String;)V' in 'kotlin/jvm/internal/Intrinsics')}
  0x0000e37c70ac2410: 0862 9fd2 | 280c aaf2 | 886f dcf2 | e807 00f9 | 0800 8092 | e803 00f9 

  0x0000e37c70ac2428: ; ImmutableOopMap {c_rarg0=Oop [168]=Oop [176]=Oop }
                      ;*synchronization entry
                      ; - kotlin.jvm.internal.Intrinsics::checkNotNullParameter@-1 (line 130)
                      ; - kotlin.ResultKt::createFailure@3
                      ; - kotlin.coroutines.jvm.internal.BaseContinuationImpl::resumeWith@76 (line 38)
                      ;   {runtime_call counter_overflow Runtime1 stub}
  0x0000e37c70ac2428: 5631 ce95 | 4efb ff17 

  0x0000e37c70ac2430: ; ImmutableOopMap {c_rarg2=Oop [168]=Oop [176]=Oop }
                      ;*new {reexecute=0 rethrow=0 return_oop=0}
                      ; - kotlin.ResultKt::createFailure@6 (line 122)
                      ; - kotlin.coroutines.jvm.internal.BaseContinuationImpl::resumeWith@76 (line 38)
                      ;   {runtime_call fast_new_instance Runtime1 stub}
  0x0000e37c70ac2430: d419 ce95 | 67fb ff17 

  0x0000e37c70ac2438: ;   {metadata({method} {0x0000e37c50739ab0} '<init>' '(Ljava/lang/Throwable;)V' in 'kotlin/Result$Failure')}
  0x0000e37c70ac2438: 0856 93d2 | 680e aaf2 | 886f dcf2 | e807 00f9 | 0800 8092 | e803 00f9 

  0x0000e37c70ac2450: ; ImmutableOopMap {c_rarg2=Oop c_rarg0=Oop [168]=Oop [176]=Oop }
                      ;*synchronization entry
                      ; - kotlin.Result$Failure::<init>@-1
                      ; - kotlin.ResultKt::createFailure@11 (line 122)
                      ; - kotlin.coroutines.jvm.internal.BaseContinuationImpl::resumeWith@76 (line 38)
                      ;   {runtime_call counter_overflow Runtime1 stub}
  0x0000e37c70ac2450: 4c31 ce95 | 6ffb ff17 

  0x0000e37c70ac2458: ;   {metadata({method} {0x0000e37c5061fb10} 'checkNotNullParameter' '(Ljava/lang/Object;Ljava/lang/String;)V' in 'kotlin/jvm/internal/Intrinsics')}
  0x0000e37c70ac2458: 0862 9fd2 | 280c aaf2 | 886f dcf2 | e807 00f9 | 0800 8092 | e803 00f9 

  0x0000e37c70ac2470: ; ImmutableOopMap {c_rarg2=Oop c_rarg0=Oop [168]=Oop [176]=Oop }
                      ;*synchronization entry
                      ; - kotlin.jvm.internal.Intrinsics::checkNotNullParameter@-1 (line 130)
                      ; - kotlin.Result$Failure::<init>@3
                      ; - kotlin.ResultKt::createFailure@11 (line 122)
                      ; - kotlin.coroutines.jvm.internal.BaseContinuationImpl::resumeWith@76 (line 38)
                      ;   {runtime_call counter_overflow Runtime1 stub}
  0x0000e37c70ac2470: 4431 ce95 | 76fb ff17 

  0x0000e37c70ac2478: ;   {metadata({method} {0x0000008000475260} '<init>' '()V' in 'java/lang/Object')}
  0x0000e37c70ac2478: 084c 8ad2 | e808 a0f2 | 0810 c0f2 | e807 00f9 | 0800 8092 | e803 00f9 

  0x0000e37c70ac2490: ; ImmutableOopMap {c_rarg2=Oop c_rarg0=Oop [168]=Oop [176]=Oop }
                      ;*synchronization entry
                      ; - java.lang.Object::<init>@-1 (line 45)
                      ; - kotlin.Result$Failure::<init>@7 (line 105)
                      ; - kotlin.ResultKt::createFailure@11 (line 122)
                      ; - kotlin.coroutines.jvm.internal.BaseContinuationImpl::resumeWith@76 (line 38)
                      ;   {runtime_call counter_overflow Runtime1 stub}
  0x0000e37c70ac2490: 3c31 ce95 | 8afb ff17 | 010c 40b9 | 6171 ffb4 | e103 00f9 

  0x0000e37c70ac24a4: ;   {runtime_call g1_pre_barrier_slow}
  0x0000e37c70ac24a4: b732 ce95 | 88fb ff17 | a271 ffb4 | e003 00f9 

  0x0000e37c70ac24b4: ;   {runtime_call g1_post_barrier_slow}
  0x0000e37c70ac24b4: 7333 ce95 | 8afb ff17 

  0x0000e37c70ac24bc: ;   {metadata({method} {0x0000e37c5071a380} 'constructor-impl' '(Ljava/lang/Object;)Ljava/lang/Object;' in 'kotlin/Result')}
  0x0000e37c70ac24bc: 0870 94d2 | 280e aaf2 | 886f dcf2 | e807 00f9 | 0800 8092 | e803 00f9 

  0x0000e37c70ac24d4: ; ImmutableOopMap {c_rarg0=Oop [168]=Oop [176]=Oop }
                      ;*synchronization entry
                      ; - kotlin.Result::constructor-impl@-1
                      ; - kotlin.coroutines.jvm.internal.BaseContinuationImpl::resumeWith@79 (line 38)
                      ;   {runtime_call counter_overflow Runtime1 stub}
  0x0000e37c70ac24d4: 2b31 ce95 | 92fb ff17 

  0x0000e37c70ac24dc: ;   {metadata({method} {0x0000e37c50712cc8} 'resumeWith' '(Ljava/lang/Object;)V' in 'kotlin/coroutines/jvm/internal/BaseContinuationImpl')}
  0x0000e37c70ac24dc: 0899 85d2 | 280e aaf2 | 886f dcf2 | e807 00f9 | 280f 80d2 | e803 00f9 

  0x0000e37c70ac24f4: ; ImmutableOopMap {c_rarg3=Oop [176]=Oop [184]=Oop }
                      ;*goto {reexecute=1 rethrow=0 return_oop=0}
                      ; - (reexecute) kotlin.coroutines.jvm.internal.BaseContinuationImpl::resumeWith@121 (line 30)
                      ;   {runtime_call counter_overflow Runtime1 stub}
  0x0000e37c70ac24f4: 2331 ce95 | 15fc ff17 

  0x0000e37c70ac24fc: ;   {metadata({method} {0x0000e37c5061fc90} 'throwParameterIsNullNPE' '(Ljava/lang/String;)V' in 'kotlin/jvm/internal/Intrinsics')}
  0x0000e37c70ac24fc: 0892 9fd2 | 280c aaf2 | 886f dcf2 | e807 00f9 | 0800 8092 | e803 00f9 

  0x0000e37c70ac2514: ; ImmutableOopMap {[168]=Oop [176]=Oop [200]=Oop [208]=Oop }
                      ;*synchronization entry
                      ; - kotlin.jvm.internal.Intrinsics::throwParameterIsNullNPE@-1 (line 140)
                      ; - kotlin.jvm.internal.Intrinsics::checkNotNullParameter@5 (line 131)
                      ; - kotlin.Result$Failure::<init>@3
                      ; - kotlin.ResultKt::createFailure@11 (line 122)
                      ; - kotlin.coroutines.jvm.internal.BaseContinuationImpl::resumeWith@76 (line 38)
                      ;   {runtime_call counter_overflow Runtime1 stub}
  0x0000e37c70ac2514: 1b31 ce95 | 28fc ff17 

  0x0000e37c70ac251c: ; ImmutableOopMap {[168]=Oop [176]=Oop [200]=Oop [208]=Oop }
                      ;*new {reexecute=0 rethrow=0 return_oop=0}
                      ; - kotlin.jvm.internal.Intrinsics::throwParameterIsNullNPE@0 (line 140)
                      ; - kotlin.jvm.internal.Intrinsics::checkNotNullParameter@5 (line 131)
                      ; - kotlin.Result$Failure::<init>@3
                      ; - kotlin.ResultKt::createFailure@11 (line 122)
                      ; - kotlin.coroutines.jvm.internal.BaseContinuationImpl::resumeWith@76 (line 38)
                      ;   {runtime_call fast_new_instance Runtime1 stub}
  0x0000e37c70ac251c: 9919 ce95 | 35fc ff17 

  0x0000e37c70ac2524: ;   {metadata({method} {0x0000e37c50620d18} 'sanitizeStackTrace' '(Ljava/lang/Throwable;)Ljava/lang/Throwable;' in 'kotlin/jvm/internal/Intrinsics')}
  0x0000e37c70ac2524: 08a3 81d2 | 480c aaf2 | 886f dcf2 | e807 00f9 | 0800 8092 | e803 00f9 

  0x0000e37c70ac253c: ; ImmutableOopMap {[168]=Oop [176]=Oop [192]=Oop [200]=Oop [208]=Oop }
                      ;*synchronization entry
                      ; - kotlin.jvm.internal.Intrinsics::sanitizeStackTrace@-1 (line 253)
                      ; - kotlin.jvm.internal.Intrinsics::throwParameterIsNullNPE@11 (line 140)
                      ; - kotlin.jvm.internal.Intrinsics::checkNotNullParameter@5 (line 131)
                      ; - kotlin.Result$Failure::<init>@3
                      ; - kotlin.ResultKt::createFailure@11 (line 122)
                      ; - kotlin.coroutines.jvm.internal.BaseContinuationImpl::resumeWith@76 (line 38)
                      ;   {runtime_call counter_overflow Runtime1 stub}
  0x0000e37c70ac253c: 1131 ce95 | 57fc ff17 

  0x0000e37c70ac2544: ;   {metadata({method} {0x0000008000469f78} 'getName' '()Ljava/lang/String;' in 'java/lang/Class')}
  0x0000e37c70ac2544: 08ef 93d2 | c808 a0f2 | 0810 c0f2 | e807 00f9 | 0800 8092 | e803 00f9 

  0x0000e37c70ac255c: ; ImmutableOopMap {c_rarg1=Oop [168]=Oop [176]=Oop [192]=Oop [200]=Oop [208]=Oop }
                      ;*synchronization entry
                      ; - java.lang.Class::getName@-1 (line 949)
                      ; - kotlin.jvm.internal.Intrinsics::sanitizeStackTrace@3 (line 253)
                      ; - kotlin.jvm.internal.Intrinsics::throwParameterIsNullNPE@11 (line 140)
                      ; - kotlin.jvm.internal.Intrinsics::checkNotNullParameter@5 (line 131)
                      ; - kotlin.Result$Failure::<init>@3
                      ; - kotlin.ResultKt::createFailure@11 (line 122)
                      ; - kotlin.coroutines.jvm.internal.BaseContinuationImpl::resumeWith@76 (line 38)
                      ;   {runtime_call counter_overflow Runtime1 stub}
  0x0000e37c70ac255c: 0931 ce95 | 62fc ff17 

  0x0000e37c70ac2564: ; ImmutableOopMap {[168]=Oop [176]=Oop [192]=Oop [200]=Oop [208]=Oop }
                      ;*getfield name {reexecute=1 rethrow=0 return_oop=0}
                      ; - (reexecute) java.lang.Class::getName@1 (line 949)
                      ; - kotlin.jvm.internal.Intrinsics::sanitizeStackTrace@3 (line 253)
                      ; - kotlin.jvm.internal.Intrinsics::throwParameterIsNullNPE@11 (line 140)
                      ; - kotlin.jvm.internal.Intrinsics::checkNotNullParameter@5 (line 131)
                      ; - kotlin.Result$Failure::<init>@3
                      ; - kotlin.ResultKt::createFailure@11 (line 122)
                      ; - kotlin.coroutines.jvm.internal.BaseContinuationImpl::resumeWith@76 (line 38)
                      ;   {runtime_call throw_null_pointer_exception Runtime1 stub}
  0x0000e37c70ac2564: 6716 ce95 

  0x0000e37c70ac2568: ;   {metadata({method} {0x0000e37c5061fc90} 'throwParameterIsNullNPE' '(Ljava/lang/String;)V' in 'kotlin/jvm/internal/Intrinsics')}
  0x0000e37c70ac2568: 0892 9fd2 | 280c aaf2 | 886f dcf2 | e807 00f9 | 0800 8092 | e803 00f9 

  0x0000e37c70ac2580: ; ImmutableOopMap {[168]=Oop [176]=Oop [208]=Oop }
                      ;*synchronization entry
                      ; - kotlin.jvm.internal.Intrinsics::throwParameterIsNullNPE@-1 (line 140)
                      ; - kotlin.jvm.internal.Intrinsics::checkNotNullParameter@5 (line 131)
                      ; - kotlin.ResultKt::createFailure@3
                      ; - kotlin.coroutines.jvm.internal.BaseContinuationImpl::resumeWith@76 (line 38)
                      ;   {runtime_call counter_overflow Runtime1 stub}
  0x0000e37c70ac2580: 0031 ce95 | 8efc ff17 

  0x0000e37c70ac2588: ; ImmutableOopMap {[168]=Oop [176]=Oop [208]=Oop }
                      ;*new {reexecute=0 rethrow=0 return_oop=0}
                      ; - kotlin.jvm.internal.Intrinsics::throwParameterIsNullNPE@0 (line 140)
                      ; - kotlin.jvm.internal.Intrinsics::checkNotNullParameter@5 (line 131)
                      ; - kotlin.ResultKt::createFailure@3
                      ; - kotlin.coroutines.jvm.internal.BaseContinuationImpl::resumeWith@76 (line 38)
                      ;   {runtime_call fast_new_instance Runtime1 stub}
  0x0000e37c70ac2588: 7e19 ce95 | 9bfc ff17 

  0x0000e37c70ac2590: ;   {metadata({method} {0x0000e37c50620d18} 'sanitizeStackTrace' '(Ljava/lang/Throwable;)Ljava/lang/Throwable;' in 'kotlin/jvm/internal/Intrinsics')}
  0x0000e37c70ac2590: 08a3 81d2 | 480c aaf2 | 886f dcf2 | e807 00f9 | 0800 8092 | e803 00f9 

  0x0000e37c70ac25a8: ; ImmutableOopMap {[168]=Oop [176]=Oop [208]=Oop [216]=Oop }
                      ;*synchronization entry
                      ; - kotlin.jvm.internal.Intrinsics::sanitizeStackTrace@-1 (line 253)
                      ; - kotlin.jvm.internal.Intrinsics::throwParameterIsNullNPE@11 (line 140)
                      ; - kotlin.jvm.internal.Intrinsics::checkNotNullParameter@5 (line 131)
                      ; - kotlin.ResultKt::createFailure@3
                      ; - kotlin.coroutines.jvm.internal.BaseContinuationImpl::resumeWith@76 (line 38)
                      ;   {runtime_call counter_overflow Runtime1 stub}
  0x0000e37c70ac25a8: f630 ce95 | bdfc ff17 

  0x0000e37c70ac25b0: ;   {metadata({method} {0x0000008000469f78} 'getName' '()Ljava/lang/String;' in 'java/lang/Class')}
  0x0000e37c70ac25b0: 08ef 93d2 | c808 a0f2 | 0810 c0f2 | e807 00f9 | 0800 8092 | e803 00f9 

  0x0000e37c70ac25c8: ; ImmutableOopMap {c_rarg1=Oop [168]=Oop [176]=Oop [208]=Oop [216]=Oop }
                      ;*synchronization entry
                      ; - java.lang.Class::getName@-1 (line 949)
                      ; - kotlin.jvm.internal.Intrinsics::sanitizeStackTrace@3 (line 253)
                      ; - kotlin.jvm.internal.Intrinsics::throwParameterIsNullNPE@11 (line 140)
                      ; - kotlin.jvm.internal.Intrinsics::checkNotNullParameter@5 (line 131)
                      ; - kotlin.ResultKt::createFailure@3
                      ; - kotlin.coroutines.jvm.internal.BaseContinuationImpl::resumeWith@76 (line 38)
                      ;   {runtime_call counter_overflow Runtime1 stub}
  0x0000e37c70ac25c8: ee30 ce95 | c8fc ff17 

  0x0000e37c70ac25d0: ; ImmutableOopMap {[168]=Oop [176]=Oop [208]=Oop [216]=Oop }
                      ;*getfield name {reexecute=1 rethrow=0 return_oop=0}
                      ; - (reexecute) java.lang.Class::getName@1 (line 949)
                      ; - kotlin.jvm.internal.Intrinsics::sanitizeStackTrace@3 (line 253)
                      ; - kotlin.jvm.internal.Intrinsics::throwParameterIsNullNPE@11 (line 140)
                      ; - kotlin.jvm.internal.Intrinsics::checkNotNullParameter@5 (line 131)
                      ; - kotlin.ResultKt::createFailure@3
                      ; - kotlin.coroutines.jvm.internal.BaseContinuationImpl::resumeWith@76 (line 38)
                      ;   {runtime_call throw_null_pointer_exception Runtime1 stub}
  0x0000e37c70ac25d0: 4c16 ce95 

  0x0000e37c70ac25d4: ;   {metadata({method} {0x0000e37c5061edb0} 'throwJavaNpe' '()V' in 'kotlin/jvm/internal/Intrinsics')}
  0x0000e37c70ac25d4: 08b6 9dd2 | 280c aaf2 | 886f dcf2 | e807 00f9 | 0800 8092 | e803 00f9 

  0x0000e37c70ac25ec: ; ImmutableOopMap {[168]=Oop [176]=Oop [232]=Oop }
                      ;*synchronization entry
                      ; - kotlin.jvm.internal.Intrinsics::throwJavaNpe@-1 (line 45)
                      ; - kotlin.jvm.internal.Intrinsics::checkNotNull@4 (line 25)
                      ; - kotlin.coroutines.jvm.internal.BaseContinuationImpl::resumeWith@31 (line 31)
                      ;   {runtime_call counter_overflow Runtime1 stub}
  0x0000e37c70ac25ec: e530 ce95 | f5fc ff17 

  0x0000e37c70ac25f4: ; ImmutableOopMap {[168]=Oop [176]=Oop [232]=Oop }
                      ;*new {reexecute=0 rethrow=0 return_oop=0}
                      ; - kotlin.jvm.internal.Intrinsics::throwJavaNpe@0 (line 45)
                      ; - kotlin.jvm.internal.Intrinsics::checkNotNull@4 (line 25)
                      ; - kotlin.coroutines.jvm.internal.BaseContinuationImpl::resumeWith@31 (line 31)
                      ;   {runtime_call fast_new_instance Runtime1 stub}
  0x0000e37c70ac25f4: 6319 ce95 | 02fd ff17 

  0x0000e37c70ac25fc: ;   {metadata({method} {0x0000e37c50620d18} 'sanitizeStackTrace' '(Ljava/lang/Throwable;)Ljava/lang/Throwable;' in 'kotlin/jvm/internal/Intrinsics')}
  0x0000e37c70ac25fc: 08a3 81d2 | 480c aaf2 | 886f dcf2 | e807 00f9 | 0800 8092 | e803 00f9 

  0x0000e37c70ac2614: ; ImmutableOopMap {[168]=Oop [176]=Oop [224]=Oop [232]=Oop }
                      ;*synchronization entry
                      ; - kotlin.jvm.internal.Intrinsics::sanitizeStackTrace@-1 (line 253)
                      ; - kotlin.jvm.internal.Intrinsics::throwJavaNpe@7 (line 45)
                      ; - kotlin.jvm.internal.Intrinsics::checkNotNull@4 (line 25)
                      ; - kotlin.coroutines.jvm.internal.BaseContinuationImpl::resumeWith@31 (line 31)
                      ;   {runtime_call counter_overflow Runtime1 stub}
  0x0000e37c70ac2614: db30 ce95 | 16fd ff17 

  0x0000e37c70ac261c: ;   {metadata({method} {0x0000008000469f78} 'getName' '()Ljava/lang/String;' in 'java/lang/Class')}
  0x0000e37c70ac261c: 08ef 93d2 | c808 a0f2 | 0810 c0f2 | e807 00f9 | 0800 8092 | e803 00f9 

  0x0000e37c70ac2634: ; ImmutableOopMap {c_rarg1=Oop [168]=Oop [176]=Oop [224]=Oop [232]=Oop }
                      ;*synchronization entry
                      ; - java.lang.Class::getName@-1 (line 949)
                      ; - kotlin.jvm.internal.Intrinsics::sanitizeStackTrace@3 (line 253)
                      ; - kotlin.jvm.internal.Intrinsics::throwJavaNpe@7 (line 45)
                      ; - kotlin.jvm.internal.Intrinsics::checkNotNull@4 (line 25)
                      ; - kotlin.coroutines.jvm.internal.BaseContinuationImpl::resumeWith@31 (line 31)
                      ;   {runtime_call counter_overflow Runtime1 stub}
  0x0000e37c70ac2634: d330 ce95 | 21fd ff17 

  0x0000e37c70ac263c: ; ImmutableOopMap {[168]=Oop [176]=Oop [224]=Oop [232]=Oop }
                      ;*getfield name {reexecute=1 rethrow=0 return_oop=0}
                      ; - (reexecute) java.lang.Class::getName@1 (line 949)
                      ; - kotlin.jvm.internal.Intrinsics::sanitizeStackTrace@3 (line 253)
                      ; - kotlin.jvm.internal.Intrinsics::throwJavaNpe@7 (line 45)
                      ; - kotlin.jvm.internal.Intrinsics::checkNotNull@4 (line 25)
                      ; - kotlin.coroutines.jvm.internal.BaseContinuationImpl::resumeWith@31 (line 31)
                      ;   {runtime_call throw_null_pointer_exception Runtime1 stub}
  0x0000e37c70ac263c: 3116 ce95 

  0x0000e37c70ac2640: ;   {metadata({method} {0x0000e37c5061fc90} 'throwParameterIsNullNPE' '(Ljava/lang/String;)V' in 'kotlin/jvm/internal/Intrinsics')}
  0x0000e37c70ac2640: 0892 9fd2 | 280c aaf2 | 886f dcf2 | e807 00f9 | 0800 8092 | e803 00f9 

  0x0000e37c70ac2658: ; ImmutableOopMap {[232]=Oop [248]=Oop }
                      ;*synchronization entry
                      ; - kotlin.jvm.internal.Intrinsics::throwParameterIsNullNPE@-1 (line 140)
                      ; - kotlin.jvm.internal.Intrinsics::checkNotNullParameter@5 (line 131)
                      ; - kotlin.coroutines.jvm.internal.DebugProbesKt::probeCoroutineResumed@3
                      ; - kotlin.coroutines.jvm.internal.BaseContinuationImpl::resumeWith@13 (line 29)
                      ;   {runtime_call counter_overflow Runtime1 stub}
  0x0000e37c70ac2658: ca30 ce95 | 4efd ff17 

  0x0000e37c70ac2660: ; ImmutableOopMap {[232]=Oop [248]=Oop }
                      ;*new {reexecute=0 rethrow=0 return_oop=0}
                      ; - kotlin.jvm.internal.Intrinsics::throwParameterIsNullNPE@0 (line 140)
                      ; - kotlin.jvm.internal.Intrinsics::checkNotNullParameter@5 (line 131)
                      ; - kotlin.coroutines.jvm.internal.DebugProbesKt::probeCoroutineResumed@3
                      ; - kotlin.coroutines.jvm.internal.BaseContinuationImpl::resumeWith@13 (line 29)
                      ;   {runtime_call fast_new_instance Runtime1 stub}
  0x0000e37c70ac2660: 4819 ce95 | 5bfd ff17 

  0x0000e37c70ac2668: ;   {metadata({method} {0x0000e37c50620d18} 'sanitizeStackTrace' '(Ljava/lang/Throwable;)Ljava/lang/Throwable;' in 'kotlin/jvm/internal/Intrinsics')}
  0x0000e37c70ac2668: 08a3 81d2 | 480c aaf2 | 886f dcf2 | e807 00f9 | 0800 8092 | e803 00f9 

  0x0000e37c70ac2680: ; ImmutableOopMap {[232]=Oop [240]=Oop [248]=Oop }
                      ;*synchronization entry
                      ; - kotlin.jvm.internal.Intrinsics::sanitizeStackTrace@-1 (line 253)
                      ; - kotlin.jvm.internal.Intrinsics::throwParameterIsNullNPE@11 (line 140)
                      ; - kotlin.jvm.internal.Intrinsics::checkNotNullParameter@5 (line 131)
                      ; - kotlin.coroutines.jvm.internal.DebugProbesKt::probeCoroutineResumed@3
                      ; - kotlin.coroutines.jvm.internal.BaseContinuationImpl::resumeWith@13 (line 29)
                      ;   {runtime_call counter_overflow Runtime1 stub}
  0x0000e37c70ac2680: c030 ce95 | 7efd ff17 

  0x0000e37c70ac2688: ;   {metadata({method} {0x0000008000469f78} 'getName' '()Ljava/lang/String;' in 'java/lang/Class')}
  0x0000e37c70ac2688: 08ef 93d2 | c808 a0f2 | 0810 c0f2 | e807 00f9 | 0800 8092 | e803 00f9 

  0x0000e37c70ac26a0: ; ImmutableOopMap {c_rarg1=Oop [232]=Oop [240]=Oop [248]=Oop }
                      ;*synchronization entry
                      ; - java.lang.Class::getName@-1 (line 949)
                      ; - kotlin.jvm.internal.Intrinsics::sanitizeStackTrace@3 (line 253)
                      ; - kotlin.jvm.internal.Intrinsics::throwParameterIsNullNPE@11 (line 140)
                      ; - kotlin.jvm.internal.Intrinsics::checkNotNullParameter@5 (line 131)
                      ; - kotlin.coroutines.jvm.internal.DebugProbesKt::probeCoroutineResumed@3
                      ; - kotlin.coroutines.jvm.internal.BaseContinuationImpl::resumeWith@13 (line 29)
                      ;   {runtime_call counter_overflow Runtime1 stub}
  0x0000e37c70ac26a0: b830 ce95 | 89fd ff17 

  0x0000e37c70ac26a8: ; ImmutableOopMap {[232]=Oop [240]=Oop [248]=Oop }
                      ;*getfield name {reexecute=1 rethrow=0 return_oop=0}
                      ; - (reexecute) java.lang.Class::getName@1 (line 949)
                      ; - kotlin.jvm.internal.Intrinsics::sanitizeStackTrace@3 (line 253)
                      ; - kotlin.jvm.internal.Intrinsics::throwParameterIsNullNPE@11 (line 140)
                      ; - kotlin.jvm.internal.Intrinsics::checkNotNullParameter@5 (line 131)
                      ; - kotlin.coroutines.jvm.internal.DebugProbesKt::probeCoroutineResumed@3
                      ; - kotlin.coroutines.jvm.internal.BaseContinuationImpl::resumeWith@13 (line 29)
                      ;   {runtime_call throw_null_pointer_exception Runtime1 stub}
  0x0000e37c70ac26a8: 1616 ce95 

  0x0000e37c70ac26ac: ; ImmutableOopMap {c_rarg3=Oop c_rarg0=Oop [176]=Oop }
                      ;*invokeinterface resumeWith {reexecute=0 rethrow=0 return_oop=0}
                      ; - kotlin.coroutines.jvm.internal.BaseContinuationImpl::resumeWith@114 (line 47)
                      ;   {runtime_call throw_null_pointer_exception Runtime1 stub}
  0x0000e37c70ac26ac: 1516 ce95 

  0x0000e37c70ac26b0: ;   {internal_word}
  0x0000e37c70ac26b0: 28bc ff10 | 8837 02f9 

  0x0000e37c70ac26b8: ;   {runtime_call SafepointBlob}
  0x0000e37c70ac26b8: 92dc ca15 

  0x0000e37c70ac26bc: ;   {internal_word}
  0x0000e37c70ac26bc: 88bc ff10 | 8837 02f9 

  0x0000e37c70ac26c4: ;   {runtime_call SafepointBlob}
  0x0000e37c70ac26c4: 8fdc ca15 | e803 00aa 

  0x0000e37c70ac26cc: ; ImmutableOopMap {c_rarg1=Oop [232]=Oop }
                      ;*checkcast {reexecute=0 rethrow=0 return_oop=0}
                      ; - kotlin.jvm.internal.Intrinsics::throwParameterIsNullNPE@14 (line 140)
                      ; - kotlin.jvm.internal.Intrinsics::checkNotNullParameter@5 (line 131)
                      ; - kotlin.coroutines.jvm.internal.DebugProbesKt::probeCoroutineResumed@3
                      ; - kotlin.coroutines.jvm.internal.BaseContinuationImpl::resumeWith@13 (line 29)
                      ;   {runtime_call throw_class_cast_exception Runtime1 stub}
  0x0000e37c70ac26cc: 8d22 ce95 

  0x0000e37c70ac26d0: ; ImmutableOopMap {c_rarg1=Oop c_rarg0=Oop [232]=Oop }
                      ;*athrow {reexecute=1 rethrow=0 return_oop=0}
                      ; - (reexecute) kotlin.jvm.internal.Intrinsics::throwParameterIsNullNPE@17 (line 140)
                      ; - kotlin.jvm.internal.Intrinsics::checkNotNullParameter@5 (line 131)
                      ; - kotlin.coroutines.jvm.internal.DebugProbesKt::probeCoroutineResumed@3
                      ; - kotlin.coroutines.jvm.internal.BaseContinuationImpl::resumeWith@13 (line 29)
                      ;   {runtime_call throw_null_pointer_exception Runtime1 stub}
  0x0000e37c70ac26d0: 0c16 ce95 | e803 00aa 

  0x0000e37c70ac26d8: ; ImmutableOopMap {c_rarg2=Oop [168]=Oop [176]=Oop }
                      ;*checkcast {reexecute=0 rethrow=0 return_oop=0}
                      ; - kotlin.jvm.internal.Intrinsics::throwJavaNpe@10 (line 45)
                      ; - kotlin.jvm.internal.Intrinsics::checkNotNull@4 (line 25)
                      ; - kotlin.coroutines.jvm.internal.BaseContinuationImpl::resumeWith@31 (line 31)
                      ;   {runtime_call throw_class_cast_exception Runtime1 stub}
  0x0000e37c70ac26d8: 8a22 ce95 

  0x0000e37c70ac26dc: ; ImmutableOopMap {c_rarg2=Oop c_rarg0=Oop [168]=Oop [176]=Oop }
                      ;*athrow {reexecute=1 rethrow=0 return_oop=0}
                      ; - (reexecute) kotlin.jvm.internal.Intrinsics::throwJavaNpe@13 (line 45)
                      ; - kotlin.jvm.internal.Intrinsics::checkNotNull@4 (line 25)
                      ; - kotlin.coroutines.jvm.internal.BaseContinuationImpl::resumeWith@31 (line 31)
                      ;   {runtime_call throw_null_pointer_exception Runtime1 stub}
  0x0000e37c70ac26dc: 0916 ce95 | e803 00aa 

  0x0000e37c70ac26e4: ; ImmutableOopMap {[168]=Oop [176]=Oop [208]=Oop }
                      ;*checkcast {reexecute=0 rethrow=0 return_oop=0}
                      ; - kotlin.jvm.internal.Intrinsics::throwParameterIsNullNPE@14 (line 140)
                      ; - kotlin.jvm.internal.Intrinsics::checkNotNullParameter@5 (line 131)
                      ; - kotlin.ResultKt::createFailure@3
                      ; - kotlin.coroutines.jvm.internal.BaseContinuationImpl::resumeWith@76 (line 38)
                      ;   {runtime_call throw_class_cast_exception Runtime1 stub}
  0x0000e37c70ac26e4: 8722 ce95 

  0x0000e37c70ac26e8: ; ImmutableOopMap {c_rarg0=Oop [168]=Oop [176]=Oop [208]=Oop }
                      ;*athrow {reexecute=1 rethrow=0 return_oop=0}
                      ; - (reexecute) kotlin.jvm.internal.Intrinsics::throwParameterIsNullNPE@17 (line 140)
                      ; - kotlin.jvm.internal.Intrinsics::checkNotNullParameter@5 (line 131)
                      ; - kotlin.ResultKt::createFailure@3
                      ; - kotlin.coroutines.jvm.internal.BaseContinuationImpl::resumeWith@76 (line 38)
                      ;   {runtime_call throw_null_pointer_exception Runtime1 stub}
  0x0000e37c70ac26e8: 0616 ce95 | e803 00aa 

  0x0000e37c70ac26f0: ; ImmutableOopMap {c_rarg3=Oop c_rarg1=Oop c_rarg2=Oop c_rarg4=Oop [176]=Oop }
                      ;*checkcast {reexecute=0 rethrow=0 return_oop=0}
                      ; - kotlin.jvm.internal.Intrinsics::throwParameterIsNullNPE@14 (line 140)
                      ; - kotlin.jvm.internal.Intrinsics::checkNotNullParameter@5 (line 131)
                      ; - kotlin.Result$Failure::<init>@3
                      ; - kotlin.ResultKt::createFailure@11 (line 122)
                      ; - kotlin.coroutines.jvm.internal.BaseContinuationImpl::resumeWith@76 (line 38)
                      ;   {runtime_call throw_class_cast_exception Runtime1 stub}
  0x0000e37c70ac26f0: 8422 ce95 

  0x0000e37c70ac26f4: ; ImmutableOopMap {c_rarg3=Oop c_rarg1=Oop c_rarg2=Oop c_rarg4=Oop c_rarg0=Oop [176]=Oop }
                      ;*athrow {reexecute=1 rethrow=0 return_oop=0}
                      ; - (reexecute) kotlin.jvm.internal.Intrinsics::throwParameterIsNullNPE@17 (line 140)
                      ; - kotlin.jvm.internal.Intrinsics::checkNotNullParameter@5 (line 131)
                      ; - kotlin.Result$Failure::<init>@3
                      ; - kotlin.ResultKt::createFailure@11 (line 122)
                      ; - kotlin.coroutines.jvm.internal.BaseContinuationImpl::resumeWith@76 (line 38)
                      ;   {runtime_call throw_null_pointer_exception Runtime1 stub}
  0x0000e37c70ac26f4: 0316 ce95 | 8083 42f9 | 9f83 02f9 | 9f87 02f9 | fd7b 51a9 | ff83 0491 

  0x0000e37c70ac270c: ;   {runtime_call unwind_exception Runtime1 stub}
  0x0000e37c70ac270c: 5d11 ce15 
[Stub Code]
  0x0000e37c70ac2710: ;   {no_reloc}
  0x0000e37c70ac2710: df3f 03d5 

  0x0000e37c70ac2714: ;   {metadata(nullptr)}
  0x0000e37c70ac2714: 0c00 80d2 | 0c00 a0f2 | 0c00 c0f2 | 0800 80d2 | 0800 a0f2 | 0800 c0f2 | 0001 1fd6 

  0x0000e37c70ac2730: ;   {trampoline_stub}
  0x0000e37c70ac2730: 4800 0058 | 0001 1fd6 | 401d d777 | 7ce3 0000 

  0x0000e37c70ac2740: ;   {static_stub}
  0x0000e37c70ac2740: df3f 03d5 

  0x0000e37c70ac2744: ;   {metadata({method} {0x0000e37c50711db0} 'releaseIntercepted' '()V' in 'kotlin/coroutines/jvm/internal/ContinuationImpl')}
  0x0000e37c70ac2744: 0cb6 83d2 | 2c0e aaf2 | 8c6f dcf2 | 886a 8fd2 | e8fa aef2 | 886f dcf2 | 0001 1fd6 

  0x0000e37c70ac2760: ;   {trampoline_stub}
  0x0000e37c70ac2760: 4800 0058 | 0001 1fd6 | 4027 ac70 | 7ce3 0000 

  0x0000e37c70ac2770: ;   {trampoline_stub}
  0x0000e37c70ac2770: 4800 0058 | 0001 1fd6 | 8037 d777 | 7ce3 0000 

  0x0000e37c70ac2780: ;   {trampoline_stub}
  0x0000e37c70ac2780: 4800 0058 | 0001 1fd6 | 8031 d777 | 7ce3 0000 

  0x0000e37c70ac2790: ;   {trampoline_stub}
  0x0000e37c70ac2790: 4800 0058 | 0001 1fd6 | 8031 d777 | 7ce3 0000 

  0x0000e37c70ac27a0: ;   {trampoline_stub}
  0x0000e37c70ac27a0: 4800 0058 | 0001 1fd6 | 8037 d777 | 7ce3 0000 

  0x0000e37c70ac27b0: ;   {trampoline_stub}
  0x0000e37c70ac27b0: 4800 0058 | 0001 1fd6 | 8031 d777 | 7ce3 0000 

  0x0000e37c70ac27c0: ;   {trampoline_stub}
  0x0000e37c70ac27c0: 4800 0058 | 0001 1fd6 | 8031 d777 | 7ce3 0000 

  0x0000e37c70ac27d0: ;   {trampoline_stub}
  0x0000e37c70ac27d0: 4800 0058 | 0001 1fd6 | 8031 d777 | 7ce3 0000 

  0x0000e37c70ac27e0: ;   {trampoline_stub}
  0x0000e37c70ac27e0: 4800 0058 | 0001 1fd6 | 8031 d777 | 7ce3 0000 

  0x0000e37c70ac27f0: ;   {trampoline_stub}
  0x0000e37c70ac27f0: 4800 0058 | 0001 1fd6 | 8037 d777 | 7ce3 0000 

  0x0000e37c70ac2800: ;   {trampoline_stub}
  0x0000e37c70ac2800: 4800 0058 | 0001 1fd6 | 8031 d777 | 7ce3 0000 

  0x0000e37c70ac2810: ;   {trampoline_stub}
  0x0000e37c70ac2810: 4800 0058 | 0001 1fd6 | 8031 d777 | 7ce3 0000 

  0x0000e37c70ac2820: ;   {static_stub}
  0x0000e37c70ac2820: df3f 03d5 

  0x0000e37c70ac2824: ;   {metadata(nullptr)}
  0x0000e37c70ac2824: 0c00 80d2 | 0c00 a0f2 | 0c00 c0f2 | 0800 80d2 | 0800 a0f2 | 0800 c0f2 | 0001 1fd6 

  0x0000e37c70ac2840: ;   {trampoline_stub}
  0x0000e37c70ac2840: 4800 0058 | 0001 1fd6 | c01f d777 | 7ce3 0000 

  0x0000e37c70ac2850: ;   {trampoline_stub}
  0x0000e37c70ac2850: 4800 0058 | 0001 1fd6 | 8037 d777 | 7ce3 0000 

  0x0000e37c70ac2860: ;   {trampoline_stub}
  0x0000e37c70ac2860: 4800 0058 | 0001 1fd6 | 8037 d777 | 7ce3 0000 

  0x0000e37c70ac2870: ;   {trampoline_stub}
  0x0000e37c70ac2870: 4800 0058 | 0001 1fd6 | 8037 d777 | 7ce3 0000 

  0x0000e37c70ac2880: ;   {trampoline_stub}
  0x0000e37c70ac2880: 4800 0058 | 0001 1fd6 | 8037 d777 | 7ce3 0000 

  0x0000e37c70ac2890: ;   {static_stub}
  0x0000e37c70ac2890: df3f 03d5 

  0x0000e37c70ac2894: ;   {metadata(nullptr)}
  0x0000e37c70ac2894: 0c00 80d2 | 0c00 a0f2 | 0c00 c0f2 | 0800 80d2 | 0800 a0f2 | 0800 c0f2 | 0001 1fd6 

  0x0000e37c70ac28b0: ;   {static_stub}
  0x0000e37c70ac28b0: df3f 03d5 

  0x0000e37c70ac28b4: ;   {metadata(nullptr)}
  0x0000e37c70ac28b4: 0c00 80d2 | 0c00 a0f2 | 0c00 c0f2 | 0800 80d2 | 0800 a0f2 | 0800 c0f2 | 0001 1fd6 

  0x0000e37c70ac28d0: ;   {static_stub}
  0x0000e37c70ac28d0: df3f 03d5 

  0x0000e37c70ac28d4: ;   {metadata(nullptr)}
  0x0000e37c70ac28d4: 0c00 80d2 | 0c00 a0f2 | 0c00 c0f2 | 0800 80d2 | 0800 a0f2 | 0800 c0f2 | 0001 1fd6 

  0x0000e37c70ac28f0: ;   {static_stub}
  0x0000e37c70ac28f0: df3f 03d5 

  0x0000e37c70ac28f4: ;   {metadata(nullptr)}
  0x0000e37c70ac28f4: 0c00 80d2 | 0c00 a0f2 | 0c00 c0f2 | 0800 80d2 | 0800 a0f2 | 0800 c0f2 | 0001 1fd6 

  0x0000e37c70ac2910: ;   {static_stub}
  0x0000e37c70ac2910: df3f 03d5 

  0x0000e37c70ac2914: ;   {metadata(nullptr)}
  0x0000e37c70ac2914: 0c00 80d2 | 0c00 a0f2 | 0c00 c0f2 | 0800 80d2 | 0800 a0f2 | 0800 c0f2 | 0001 1fd6 
[Exception Handler]
  0x0000e37c70ac2930: ;   {runtime_call handle_exception_from_callee Runtime1 stub}
  0x0000e37c70ac2930: 7420 ce95 | c1d5 bbd4 | 40a2 688e | 7ce3 0000 
[Deopt Handler Code]
  0x0000e37c70ac2940: 1e00 0010 

  0x0000e37c70ac2944: ;   {runtime_call DeoptimizationBlob}
  0x0000e37c70ac2944: bfdc ca15 
[/MachCode]


---------------  P R O C E S S  ---------------

Threads class SMR info:
_java_thread_list=0x0000e37c04027e90, length=19, elements={
0x0000e37c8802c060, 0x0000e37c8819b520, 0x0000e37c8819cb20, 0x0000e37c8819e2d0,
0x0000e37c8819f930, 0x0000e37c881a0ef0, 0x0000e37c881a29e0, 0x0000e37c881a40c0,
0x0000e37c881d06f0, 0x0000e37c881d39d0, 0x0000e37c3007f060, 0x0000e37c88616390,
0x0000e37c8862d810, 0x0000e37c88632b30, 0x0000e37c88851610, 0x0000e37c8885d2b0,
0x0000e37c8885ded0, 0x0000e37c04037ee0, 0x0000e37c040389d0
}

Java Threads: ( => current thread )
  0x0000e37c8802c060 JavaThread "Test worker"                       [_thread_blocked, id=154, stack(0x0000e37c8d432000,0x0000e37c8d630000) (2040K)]
  0x0000e37c8819b520 JavaThread "Reference Handler"          daemon [_thread_blocked, id=162, stack(0x0000e37c611de000,0x0000e37c613dc000) (2040K)]
  0x0000e37c8819cb20 JavaThread "Finalizer"                  daemon [_thread_blocked, id=163, stack(0x0000e37c60fe0000,0x0000e37c611de000) (2040K)]
  0x0000e37c8819e2d0 JavaThread "Signal Dispatcher"          daemon [_thread_blocked, id=164, stack(0x0000e37c60de2000,0x0000e37c60fe0000) (2040K)]
  0x0000e37c8819f930 JavaThread "Service Thread"             daemon [_thread_blocked, id=165, stack(0x0000e37c60be4000,0x0000e37c60de2000) (2040K)]
  0x0000e37c881a0ef0 JavaThread "Monitor Deflation Thread"   daemon [_thread_blocked, id=166, stack(0x0000e37c609e6000,0x0000e37c60be4000) (2040K)]
  0x0000e37c881a29e0 JavaThread "C2 CompilerThread0"         daemon [_thread_blocked, id=167, stack(0x0000e37c607e8000,0x0000e37c609e6000) (2040K)]
  0x0000e37c881a40c0 JavaThread "C1 CompilerThread0"         daemon [_thread_blocked, id=168, stack(0x0000e37c605ea000,0x0000e37c607e8000) (2040K)]
  0x0000e37c881d06f0 JavaThread "Notification Thread"        daemon [_thread_blocked, id=169, stack(0x0000e37c603ec000,0x0000e37c605ea000) (2040K)]
  0x0000e37c881d39d0 JavaThread "Common-Cleaner"             daemon [_thread_blocked, id=170, stack(0x0000e37c601ee000,0x0000e37c603ec000) (2040K)]
  0x0000e37c3007f060 JavaThread "C2 CompilerThread1"         daemon [_thread_blocked, id=171, stack(0x0000e37c27e02000,0x0000e37c28000000) (2040K)]
  0x0000e37c88616390 JavaThread "/127.0.0.1:57410 to /127.0.0.1:37453 workers"        [_thread_blocked, id=176, stack(0x0000e37c27c04000,0x0000e37c27e02000) (2040K)]
  0x0000e37c8862d810 JavaThread "/127.0.0.1:57410 to /127.0.0.1:37453 workers Thread 2"        [_thread_blocked, id=177, stack(0x0000e37c27a06000,0x0000e37c27c04000) (2040K)]
  0x0000e37c88632b30 JavaThread "/127.0.0.1:57410 to /127.0.0.1:37453 workers Thread 3"        [_thread_in_native, id=178, stack(0x0000e37c27808000,0x0000e37c27a06000) (2040K)]
  0x0000e37c88851610 JavaThread "kotlinx.coroutines.DefaultExecutor" daemon [_thread_blocked, id=182, stack(0x0000e37c26df2000,0x0000e37c26ff0000) (2040K)]
  0x0000e37c8885d2b0 JavaThread "DefaultDispatcher-worker-1 @coroutine#208" daemon [_thread_in_native, id=183, stack(0x0000e37c26bf4000,0x0000e37c26df2000) (2040K)]
  0x0000e37c8885ded0 JavaThread "DefaultDispatcher-worker-2 @coroutine#9" daemon [_thread_in_native, id=184, stack(0x0000e37c269f6000,0x0000e37c26bf4000) (2040K)]
=>0x0000e37c04037ee0 JavaThread "DefaultDispatcher-worker-3 @coroutine#10" daemon [_thread_in_native, id=185, stack(0x0000e37c267f8000,0x0000e37c269f6000) (2040K)]
  0x0000e37c040389d0 JavaThread "DefaultDispatcher-worker-4 @coroutine#11" daemon [_thread_in_native, id=186, stack(0x0000e37c265fa000,0x0000e37c267f8000) (2040K)]
Total: 19

Other Threads:
  0x0000e37c88192450 VMThread "VM Thread"                           [id=161, stack(0x0000e37c616d7000,0x0000e37c618d5000) (2040K)]
  0x0000e37c881808f0 WatcherThread "VM Periodic Task Thread"        [id=160, stack(0x0000e37c618e5000,0x0000e37c61ae3000) (2040K)]
  0x0000e37c88057290 WorkerThread "GC Thread#0"                     [id=155, stack(0x0000e37c70602000,0x0000e37c70800000) (2040K)]
  0x0000e37c48006ba0 WorkerThread "GC Thread#1"                     [id=179, stack(0x0000e37c2760a000,0x0000e37c27808000) (2040K)]
  0x0000e37c480076d0 WorkerThread "GC Thread#2"                     [id=180, stack(0x0000e37c273fc000,0x0000e37c275fa000) (2040K)]
  0x0000e37c48008200 WorkerThread "GC Thread#3"                     [id=181, stack(0x0000e37c271ee000,0x0000e37c273ec000) (2040K)]
  0x0000e37c8805c730 ConcurrentGCThread "G1 Main Marker"            [id=156, stack(0x0000e37c703f4000,0x0000e37c705f2000) (2040K)]
  0x0000e37c8805d6e0 WorkerThread "G1 Conc#0"                       [id=157, stack(0x0000e37c701e6000,0x0000e37c703e4000) (2040K)]
  0x0000e37c881677e0 ConcurrentGCThread "G1 Refine#0"               [id=158, stack(0x0000e37c61d01000,0x0000e37c61eff000) (2040K)]
  0x0000e37c881687b0 ConcurrentGCThread "G1 Service"                [id=159, stack(0x0000e37c61af3000,0x0000e37c61cf1000) (2040K)]
Total: 10

Threads with active compile tasks:
Total: 0

VM state: not at safepoint (normal execution)

VM Mutex/Monitor currently owned by a thread: None

Heap address: 0x00000000e0000000, size: 512 MB, Compressed Oops mode: 32-bit

CDS archive(s) mapped at: [0x0000008000000000-0x0000008000cb0000-0x0000008000cb0000), size 13303808, SharedBaseAddress: 0x0000008000000000, ArchiveRelocationMode: 1.
Compressed class space mapped at: 0x0000008001000000-0x0000008041000000, reserved size: 1073741824
Narrow klass base: 0x0000008000000000, Narrow klass shift: 0, Narrow klass range: 0x100000000

GC Precious Log:
 CardTable entry size: 512
 Card Set container configuration: InlinePtr #cards 5 size 8 Array Of Cards #cards 12 size 40 Howl #buckets 4 coarsen threshold 1843 Howl Bitmap #cards 512 size 80 coarsen threshold 460 Card regions per heap region 1 cards per card region 2048
 CPUs: 4 total, 4 available
 Memory: 23974M
 Large Page Support: Disabled
 NUMA Support: Disabled
 Compressed Oops: Enabled (32-bit)
 Heap Region Size: 1M
 Heap Min Capacity: 8M
 Heap Initial Capacity: 376M
 Heap Max Capacity: 512M
 Pre-touch: Disabled
 Parallel Workers: 4
 Concurrent Workers: 1
 Concurrent Refinement Workers: 4
 Periodic GC: Disabled

Heap:
 garbage-first heap   total 387072K, used 17828K [0x00000000e0000000, 0x0000000100000000)
  region size 1024K, 17 young (17408K), 3 survivors (3072K)
 Metaspace       used 10602K, committed 10816K, reserved 1114112K
  class space    used 1150K, committed 1280K, reserved 1048576K

Heap Regions: E=young(eden), S=young(survivor), O=old, HS=humongous(starts), HC=humongous(continues), CS=collection set, F=free, TAMS=top-at-mark-start, PB=parsable bottom
|   0|0x00000000e0000000, 0x00000000e005c980, 0x00000000e0100000| 36%| O|  |TAMS 0x00000000e0000000| PB 0x00000000e0000000| Untracked 
|   1|0x00000000e0100000, 0x00000000e0200000, 0x00000000e0200000|100%|HS|  |TAMS 0x00000000e0100000| PB 0x00000000e0100000| Complete 
|   2|0x00000000e0200000, 0x00000000e0200000, 0x00000000e0300000|  0%| F|  |TAMS 0x00000000e0200000| PB 0x00000000e0200000| Untracked 
|   3|0x00000000e0300000, 0x00000000e0300000, 0x00000000e0400000|  0%| F|  |TAMS 0x00000000e0300000| PB 0x00000000e0300000| Untracked 
|   4|0x00000000e0400000, 0x00000000e0400000, 0x00000000e0500000|  0%| F|  |TAMS 0x00000000e0400000| PB 0x00000000e0400000| Untracked 
|   5|0x00000000e0500000, 0x00000000e0500000, 0x00000000e0600000|  0%| F|  |TAMS 0x00000000e0500000| PB 0x00000000e0500000| Untracked 
|   6|0x00000000e0600000, 0x00000000e0600000, 0x00000000e0700000|  0%| F|  |TAMS 0x00000000e0600000| PB 0x00000000e0600000| Untracked 
|   7|0x00000000e0700000, 0x00000000e0700000, 0x00000000e0800000|  0%| F|  |TAMS 0x00000000e0700000| PB 0x00000000e0700000| Untracked 
|   8|0x00000000e0800000, 0x00000000e0800000, 0x00000000e0900000|  0%| F|  |TAMS 0x00000000e0800000| PB 0x00000000e0800000| Untracked 
|   9|0x00000000e0900000, 0x00000000e0900000, 0x00000000e0a00000|  0%| F|  |TAMS 0x00000000e0900000| PB 0x00000000e0900000| Untracked 
|  10|0x00000000e0a00000, 0x00000000e0a00000, 0x00000000e0b00000|  0%| F|  |TAMS 0x00000000e0a00000| PB 0x00000000e0a00000| Untracked 
|  11|0x00000000e0b00000, 0x00000000e0b00000, 0x00000000e0c00000|  0%| F|  |TAMS 0x00000000e0b00000| PB 0x00000000e0b00000| Untracked 
|  12|0x00000000e0c00000, 0x00000000e0c00000, 0x00000000e0d00000|  0%| F|  |TAMS 0x00000000e0c00000| PB 0x00000000e0c00000| Untracked 
|  13|0x00000000e0d00000, 0x00000000e0d00000, 0x00000000e0e00000|  0%| F|  |TAMS 0x00000000e0d00000| PB 0x00000000e0d00000| Untracked 
|  14|0x00000000e0e00000, 0x00000000e0e00000, 0x00000000e0f00000|  0%| F|  |TAMS 0x00000000e0e00000| PB 0x00000000e0e00000| Untracked 
|  15|0x00000000e0f00000, 0x00000000e0f00000, 0x00000000e1000000|  0%| F|  |TAMS 0x00000000e0f00000| PB 0x00000000e0f00000| Untracked 
|  16|0x00000000e1000000, 0x00000000e1000000, 0x00000000e1100000|  0%| F|  |TAMS 0x00000000e1000000| PB 0x00000000e1000000| Untracked 
|  17|0x00000000e1100000, 0x00000000e1100000, 0x00000000e1200000|  0%| F|  |TAMS 0x00000000e1100000| PB 0x00000000e1100000| Untracked 
|  18|0x00000000e1200000, 0x00000000e1200000, 0x00000000e1300000|  0%| F|  |TAMS 0x00000000e1200000| PB 0x00000000e1200000| Untracked 
|  19|0x00000000e1300000, 0x00000000e1300000, 0x00000000e1400000|  0%| F|  |TAMS 0x00000000e1300000| PB 0x00000000e1300000| Untracked 
|  20|0x00000000e1400000, 0x00000000e1400000, 0x00000000e1500000|  0%| F|  |TAMS 0x00000000e1400000| PB 0x00000000e1400000| Untracked 
|  21|0x00000000e1500000, 0x00000000e1500000, 0x00000000e1600000|  0%| F|  |TAMS 0x00000000e1500000| PB 0x00000000e1500000| Untracked 
|  22|0x00000000e1600000, 0x00000000e1600000, 0x00000000e1700000|  0%| F|  |TAMS 0x00000000e1600000| PB 0x00000000e1600000| Untracked 
|  23|0x00000000e1700000, 0x00000000e1700000, 0x00000000e1800000|  0%| F|  |TAMS 0x00000000e1700000| PB 0x00000000e1700000| Untracked 
|  24|0x00000000e1800000, 0x00000000e1800000, 0x00000000e1900000|  0%| F|  |TAMS 0x00000000e1800000| PB 0x00000000e1800000| Untracked 
|  25|0x00000000e1900000, 0x00000000e1900000, 0x00000000e1a00000|  0%| F|  |TAMS 0x00000000e1900000| PB 0x00000000e1900000| Untracked 
|  26|0x00000000e1a00000, 0x00000000e1a00000, 0x00000000e1b00000|  0%| F|  |TAMS 0x00000000e1a00000| PB 0x00000000e1a00000| Untracked 
|  27|0x00000000e1b00000, 0x00000000e1b00000, 0x00000000e1c00000|  0%| F|  |TAMS 0x00000000e1b00000| PB 0x00000000e1b00000| Untracked 
|  28|0x00000000e1c00000, 0x00000000e1c00000, 0x00000000e1d00000|  0%| F|  |TAMS 0x00000000e1c00000| PB 0x00000000e1c00000| Untracked 
|  29|0x00000000e1d00000, 0x00000000e1d00000, 0x00000000e1e00000|  0%| F|  |TAMS 0x00000000e1d00000| PB 0x00000000e1d00000| Untracked 
|  30|0x00000000e1e00000, 0x00000000e1e00000, 0x00000000e1f00000|  0%| F|  |TAMS 0x00000000e1e00000| PB 0x00000000e1e00000| Untracked 
|  31|0x00000000e1f00000, 0x00000000e1f00000, 0x00000000e2000000|  0%| F|  |TAMS 0x00000000e1f00000| PB 0x00000000e1f00000| Untracked 
|  32|0x00000000e2000000, 0x00000000e2000000, 0x00000000e2100000|  0%| F|  |TAMS 0x00000000e2000000| PB 0x00000000e2000000| Untracked 
|  33|0x00000000e2100000, 0x00000000e2100000, 0x00000000e2200000|  0%| F|  |TAMS 0x00000000e2100000| PB 0x00000000e2100000| Untracked 
|  34|0x00000000e2200000, 0x00000000e2200000, 0x00000000e2300000|  0%| F|  |TAMS 0x00000000e2200000| PB 0x00000000e2200000| Untracked 
|  35|0x00000000e2300000, 0x00000000e2300000, 0x00000000e2400000|  0%| F|  |TAMS 0x00000000e2300000| PB 0x00000000e2300000| Untracked 
|  36|0x00000000e2400000, 0x00000000e2400000, 0x00000000e2500000|  0%| F|  |TAMS 0x00000000e2400000| PB 0x00000000e2400000| Untracked 
|  37|0x00000000e2500000, 0x00000000e2500000, 0x00000000e2600000|  0%| F|  |TAMS 0x00000000e2500000| PB 0x00000000e2500000| Untracked 
|  38|0x00000000e2600000, 0x00000000e2600000, 0x00000000e2700000|  0%| F|  |TAMS 0x00000000e2600000| PB 0x00000000e2600000| Untracked 
|  39|0x00000000e2700000, 0x00000000e2700000, 0x00000000e2800000|  0%| F|  |TAMS 0x00000000e2700000| PB 0x00000000e2700000| Untracked 
|  40|0x00000000e2800000, 0x00000000e2800000, 0x00000000e2900000|  0%| F|  |TAMS 0x00000000e2800000| PB 0x00000000e2800000| Untracked 
|  41|0x00000000e2900000, 0x00000000e2900000, 0x00000000e2a00000|  0%| F|  |TAMS 0x00000000e2900000| PB 0x00000000e2900000| Untracked 
|  42|0x00000000e2a00000, 0x00000000e2a00000, 0x00000000e2b00000|  0%| F|  |TAMS 0x00000000e2a00000| PB 0x00000000e2a00000| Untracked 
|  43|0x00000000e2b00000, 0x00000000e2b00000, 0x00000000e2c00000|  0%| F|  |TAMS 0x00000000e2b00000| PB 0x00000000e2b00000| Untracked 
|  44|0x00000000e2c00000, 0x00000000e2c00000, 0x00000000e2d00000|  0%| F|  |TAMS 0x00000000e2c00000| PB 0x00000000e2c00000| Untracked 
|  45|0x00000000e2d00000, 0x00000000e2d00000, 0x00000000e2e00000|  0%| F|  |TAMS 0x00000000e2d00000| PB 0x00000000e2d00000| Untracked 
|  46|0x00000000e2e00000, 0x00000000e2e00000, 0x00000000e2f00000|  0%| F|  |TAMS 0x00000000e2e00000| PB 0x00000000e2e00000| Untracked 
|  47|0x00000000e2f00000, 0x00000000e2f00000, 0x00000000e3000000|  0%| F|  |TAMS 0x00000000e2f00000| PB 0x00000000e2f00000| Untracked 
|  48|0x00000000e3000000, 0x00000000e3000000, 0x00000000e3100000|  0%| F|  |TAMS 0x00000000e3000000| PB 0x00000000e3000000| Untracked 
|  49|0x00000000e3100000, 0x00000000e3100000, 0x00000000e3200000|  0%| F|  |TAMS 0x00000000e3100000| PB 0x00000000e3100000| Untracked 
|  50|0x00000000e3200000, 0x00000000e3200000, 0x00000000e3300000|  0%| F|  |TAMS 0x00000000e3200000| PB 0x00000000e3200000| Untracked 
|  51|0x00000000e3300000, 0x00000000e3300000, 0x00000000e3400000|  0%| F|  |TAMS 0x00000000e3300000| PB 0x00000000e3300000| Untracked 
|  52|0x00000000e3400000, 0x00000000e3400000, 0x00000000e3500000|  0%| F|  |TAMS 0x00000000e3400000| PB 0x00000000e3400000| Untracked 
|  53|0x00000000e3500000, 0x00000000e3500000, 0x00000000e3600000|  0%| F|  |TAMS 0x00000000e3500000| PB 0x00000000e3500000| Untracked 
|  54|0x00000000e3600000, 0x00000000e3600000, 0x00000000e3700000|  0%| F|  |TAMS 0x00000000e3600000| PB 0x00000000e3600000| Untracked 
|  55|0x00000000e3700000, 0x00000000e3700000, 0x00000000e3800000|  0%| F|  |TAMS 0x00000000e3700000| PB 0x00000000e3700000| Untracked 
|  56|0x00000000e3800000, 0x00000000e3800000, 0x00000000e3900000|  0%| F|  |TAMS 0x00000000e3800000| PB 0x00000000e3800000| Untracked 
|  57|0x00000000e3900000, 0x00000000e3900000, 0x00000000e3a00000|  0%| F|  |TAMS 0x00000000e3900000| PB 0x00000000e3900000| Untracked 
|  58|0x00000000e3a00000, 0x00000000e3a00000, 0x00000000e3b00000|  0%| F|  |TAMS 0x00000000e3a00000| PB 0x00000000e3a00000| Untracked 
|  59|0x00000000e3b00000, 0x00000000e3b00000, 0x00000000e3c00000|  0%| F|  |TAMS 0x00000000e3b00000| PB 0x00000000e3b00000| Untracked 
|  60|0x00000000e3c00000, 0x00000000e3c00000, 0x00000000e3d00000|  0%| F|  |TAMS 0x00000000e3c00000| PB 0x00000000e3c00000| Untracked 
|  61|0x00000000e3d00000, 0x00000000e3d00000, 0x00000000e3e00000|  0%| F|  |TAMS 0x00000000e3d00000| PB 0x00000000e3d00000| Untracked 
|  62|0x00000000e3e00000, 0x00000000e3e00000, 0x00000000e3f00000|  0%| F|  |TAMS 0x00000000e3e00000| PB 0x00000000e3e00000| Untracked 
|  63|0x00000000e3f00000, 0x00000000e3f00000, 0x00000000e4000000|  0%| F|  |TAMS 0x00000000e3f00000| PB 0x00000000e3f00000| Untracked 
|  64|0x00000000e4000000, 0x00000000e4000000, 0x00000000e4100000|  0%| F|  |TAMS 0x00000000e4000000| PB 0x00000000e4000000| Untracked 
|  65|0x00000000e4100000, 0x00000000e4100000, 0x00000000e4200000|  0%| F|  |TAMS 0x00000000e4100000| PB 0x00000000e4100000| Untracked 
|  66|0x00000000e4200000, 0x00000000e4200000, 0x00000000e4300000|  0%| F|  |TAMS 0x00000000e4200000| PB 0x00000000e4200000| Untracked 
|  67|0x00000000e4300000, 0x00000000e4300000, 0x00000000e4400000|  0%| F|  |TAMS 0x00000000e4300000| PB 0x00000000e4300000| Untracked 
|  68|0x00000000e4400000, 0x00000000e4400000, 0x00000000e4500000|  0%| F|  |TAMS 0x00000000e4400000| PB 0x00000000e4400000| Untracked 
|  69|0x00000000e4500000, 0x00000000e4500000, 0x00000000e4600000|  0%| F|  |TAMS 0x00000000e4500000| PB 0x00000000e4500000| Untracked 
|  70|0x00000000e4600000, 0x00000000e4600000, 0x00000000e4700000|  0%| F|  |TAMS 0x00000000e4600000| PB 0x00000000e4600000| Untracked 
|  71|0x00000000e4700000, 0x00000000e4700000, 0x00000000e4800000|  0%| F|  |TAMS 0x00000000e4700000| PB 0x00000000e4700000| Untracked 
|  72|0x00000000e4800000, 0x00000000e4800000, 0x00000000e4900000|  0%| F|  |TAMS 0x00000000e4800000| PB 0x00000000e4800000| Untracked 
|  73|0x00000000e4900000, 0x00000000e4900000, 0x00000000e4a00000|  0%| F|  |TAMS 0x00000000e4900000| PB 0x00000000e4900000| Untracked 
|  74|0x00000000e4a00000, 0x00000000e4a00000, 0x00000000e4b00000|  0%| F|  |TAMS 0x00000000e4a00000| PB 0x00000000e4a00000| Untracked 
|  75|0x00000000e4b00000, 0x00000000e4b00000, 0x00000000e4c00000|  0%| F|  |TAMS 0x00000000e4b00000| PB 0x00000000e4b00000| Untracked 
|  76|0x00000000e4c00000, 0x00000000e4c00000, 0x00000000e4d00000|  0%| F|  |TAMS 0x00000000e4c00000| PB 0x00000000e4c00000| Untracked 
|  77|0x00000000e4d00000, 0x00000000e4d00000, 0x00000000e4e00000|  0%| F|  |TAMS 0x00000000e4d00000| PB 0x00000000e4d00000| Untracked 
|  78|0x00000000e4e00000, 0x00000000e4e00000, 0x00000000e4f00000|  0%| F|  |TAMS 0x00000000e4e00000| PB 0x00000000e4e00000| Untracked 
|  79|0x00000000e4f00000, 0x00000000e4f00000, 0x00000000e5000000|  0%| F|  |TAMS 0x00000000e4f00000| PB 0x00000000e4f00000| Untracked 
|  80|0x00000000e5000000, 0x00000000e5000000, 0x00000000e5100000|  0%| F|  |TAMS 0x00000000e5000000| PB 0x00000000e5000000| Untracked 
|  81|0x00000000e5100000, 0x00000000e5100000, 0x00000000e5200000|  0%| F|  |TAMS 0x00000000e5100000| PB 0x00000000e5100000| Untracked 
|  82|0x00000000e5200000, 0x00000000e5200000, 0x00000000e5300000|  0%| F|  |TAMS 0x00000000e5200000| PB 0x00000000e5200000| Untracked 
|  83|0x00000000e5300000, 0x00000000e5300000, 0x00000000e5400000|  0%| F|  |TAMS 0x00000000e5300000| PB 0x00000000e5300000| Untracked 
|  84|0x00000000e5400000, 0x00000000e5400000, 0x00000000e5500000|  0%| F|  |TAMS 0x00000000e5400000| PB 0x00000000e5400000| Untracked 
|  85|0x00000000e5500000, 0x00000000e5500000, 0x00000000e5600000|  0%| F|  |TAMS 0x00000000e5500000| PB 0x00000000e5500000| Untracked 
|  86|0x00000000e5600000, 0x00000000e5600000, 0x00000000e5700000|  0%| F|  |TAMS 0x00000000e5600000| PB 0x00000000e5600000| Untracked 
|  87|0x00000000e5700000, 0x00000000e5700000, 0x00000000e5800000|  0%| F|  |TAMS 0x00000000e5700000| PB 0x00000000e5700000| Untracked 
|  88|0x00000000e5800000, 0x00000000e5800000, 0x00000000e5900000|  0%| F|  |TAMS 0x00000000e5800000| PB 0x00000000e5800000| Untracked 
|  89|0x00000000e5900000, 0x00000000e5900000, 0x00000000e5a00000|  0%| F|  |TAMS 0x00000000e5900000| PB 0x00000000e5900000| Untracked 
|  90|0x00000000e5a00000, 0x00000000e5a00000, 0x00000000e5b00000|  0%| F|  |TAMS 0x00000000e5a00000| PB 0x00000000e5a00000| Untracked 
|  91|0x00000000e5b00000, 0x00000000e5b00000, 0x00000000e5c00000|  0%| F|  |TAMS 0x00000000e5b00000| PB 0x00000000e5b00000| Untracked 
|  92|0x00000000e5c00000, 0x00000000e5c00000, 0x00000000e5d00000|  0%| F|  |TAMS 0x00000000e5c00000| PB 0x00000000e5c00000| Untracked 
|  93|0x00000000e5d00000, 0x00000000e5d00000, 0x00000000e5e00000|  0%| F|  |TAMS 0x00000000e5d00000| PB 0x00000000e5d00000| Untracked 
|  94|0x00000000e5e00000, 0x00000000e5e00000, 0x00000000e5f00000|  0%| F|  |TAMS 0x00000000e5e00000| PB 0x00000000e5e00000| Untracked 
|  95|0x00000000e5f00000, 0x00000000e5f00000, 0x00000000e6000000|  0%| F|  |TAMS 0x00000000e5f00000| PB 0x00000000e5f00000| Untracked 
|  96|0x00000000e6000000, 0x00000000e6000000, 0x00000000e6100000|  0%| F|  |TAMS 0x00000000e6000000| PB 0x00000000e6000000| Untracked 
|  97|0x00000000e6100000, 0x00000000e6100000, 0x00000000e6200000|  0%| F|  |TAMS 0x00000000e6100000| PB 0x00000000e6100000| Untracked 
|  98|0x00000000e6200000, 0x00000000e6200000, 0x00000000e6300000|  0%| F|  |TAMS 0x00000000e6200000| PB 0x00000000e6200000| Untracked 
|  99|0x00000000e6300000, 0x00000000e6300000, 0x00000000e6400000|  0%| F|  |TAMS 0x00000000e6300000| PB 0x00000000e6300000| Untracked 
| 100|0x00000000e6400000, 0x00000000e6400000, 0x00000000e6500000|  0%| F|  |TAMS 0x00000000e6400000| PB 0x00000000e6400000| Untracked 
| 101|0x00000000e6500000, 0x00000000e6500000, 0x00000000e6600000|  0%| F|  |TAMS 0x00000000e6500000| PB 0x00000000e6500000| Untracked 
| 102|0x00000000e6600000, 0x00000000e6600000, 0x00000000e6700000|  0%| F|  |TAMS 0x00000000e6600000| PB 0x00000000e6600000| Untracked 
| 103|0x00000000e6700000, 0x00000000e6700000, 0x00000000e6800000|  0%| F|  |TAMS 0x00000000e6700000| PB 0x00000000e6700000| Untracked 
| 104|0x00000000e6800000, 0x00000000e6800000, 0x00000000e6900000|  0%| F|  |TAMS 0x00000000e6800000| PB 0x00000000e6800000| Untracked 
| 105|0x00000000e6900000, 0x00000000e6900000, 0x00000000e6a00000|  0%| F|  |TAMS 0x00000000e6900000| PB 0x00000000e6900000| Untracked 
| 106|0x00000000e6a00000, 0x00000000e6a00000, 0x00000000e6b00000|  0%| F|  |TAMS 0x00000000e6a00000| PB 0x00000000e6a00000| Untracked 
| 107|0x00000000e6b00000, 0x00000000e6b00000, 0x00000000e6c00000|  0%| F|  |TAMS 0x00000000e6b00000| PB 0x00000000e6b00000| Untracked 
| 108|0x00000000e6c00000, 0x00000000e6c00000, 0x00000000e6d00000|  0%| F|  |TAMS 0x00000000e6c00000| PB 0x00000000e6c00000| Untracked 
| 109|0x00000000e6d00000, 0x00000000e6d00000, 0x00000000e6e00000|  0%| F|  |TAMS 0x00000000e6d00000| PB 0x00000000e6d00000| Untracked 
| 110|0x00000000e6e00000, 0x00000000e6e00000, 0x00000000e6f00000|  0%| F|  |TAMS 0x00000000e6e00000| PB 0x00000000e6e00000| Untracked 
| 111|0x00000000e6f00000, 0x00000000e6f00000, 0x00000000e7000000|  0%| F|  |TAMS 0x00000000e6f00000| PB 0x00000000e6f00000| Untracked 
| 112|0x00000000e7000000, 0x00000000e7000000, 0x00000000e7100000|  0%| F|  |TAMS 0x00000000e7000000| PB 0x00000000e7000000| Untracked 
| 113|0x00000000e7100000, 0x00000000e7100000, 0x00000000e7200000|  0%| F|  |TAMS 0x00000000e7100000| PB 0x00000000e7100000| Untracked 
| 114|0x00000000e7200000, 0x00000000e7200000, 0x00000000e7300000|  0%| F|  |TAMS 0x00000000e7200000| PB 0x00000000e7200000| Untracked 
| 115|0x00000000e7300000, 0x00000000e7300000, 0x00000000e7400000|  0%| F|  |TAMS 0x00000000e7300000| PB 0x00000000e7300000| Untracked 
| 116|0x00000000e7400000, 0x00000000e7400000, 0x00000000e7500000|  0%| F|  |TAMS 0x00000000e7400000| PB 0x00000000e7400000| Untracked 
| 117|0x00000000e7500000, 0x00000000e7500000, 0x00000000e7600000|  0%| F|  |TAMS 0x00000000e7500000| PB 0x00000000e7500000| Untracked 
| 118|0x00000000e7600000, 0x00000000e7600000, 0x00000000e7700000|  0%| F|  |TAMS 0x00000000e7600000| PB 0x00000000e7600000| Untracked 
| 119|0x00000000e7700000, 0x00000000e7700000, 0x00000000e7800000|  0%| F|  |TAMS 0x00000000e7700000| PB 0x00000000e7700000| Untracked 
| 120|0x00000000e7800000, 0x00000000e7800000, 0x00000000e7900000|  0%| F|  |TAMS 0x00000000e7800000| PB 0x00000000e7800000| Untracked 
| 121|0x00000000e7900000, 0x00000000e7900000, 0x00000000e7a00000|  0%| F|  |TAMS 0x00000000e7900000| PB 0x00000000e7900000| Untracked 
| 122|0x00000000e7a00000, 0x00000000e7a00000, 0x00000000e7b00000|  0%| F|  |TAMS 0x00000000e7a00000| PB 0x00000000e7a00000| Untracked 
| 123|0x00000000e7b00000, 0x00000000e7b00000, 0x00000000e7c00000|  0%| F|  |TAMS 0x00000000e7b00000| PB 0x00000000e7b00000| Untracked 
| 124|0x00000000e7c00000, 0x00000000e7c00000, 0x00000000e7d00000|  0%| F|  |TAMS 0x00000000e7c00000| PB 0x00000000e7c00000| Untracked 
| 125|0x00000000e7d00000, 0x00000000e7d00000, 0x00000000e7e00000|  0%| F|  |TAMS 0x00000000e7d00000| PB 0x00000000e7d00000| Untracked 
| 126|0x00000000e7e00000, 0x00000000e7e00000, 0x00000000e7f00000|  0%| F|  |TAMS 0x00000000e7e00000| PB 0x00000000e7e00000| Untracked 
| 127|0x00000000e7f00000, 0x00000000e7f00000, 0x00000000e8000000|  0%| F|  |TAMS 0x00000000e7f00000| PB 0x00000000e7f00000| Untracked 
| 128|0x00000000e8000000, 0x00000000e8000000, 0x00000000e8100000|  0%| F|  |TAMS 0x00000000e8000000| PB 0x00000000e8000000| Untracked 
| 129|0x00000000e8100000, 0x00000000e8100000, 0x00000000e8200000|  0%| F|  |TAMS 0x00000000e8100000| PB 0x00000000e8100000| Untracked 
| 130|0x00000000e8200000, 0x00000000e8200000, 0x00000000e8300000|  0%| F|  |TAMS 0x00000000e8200000| PB 0x00000000e8200000| Untracked 
| 131|0x00000000e8300000, 0x00000000e8300000, 0x00000000e8400000|  0%| F|  |TAMS 0x00000000e8300000| PB 0x00000000e8300000| Untracked 
| 132|0x00000000e8400000, 0x00000000e8400000, 0x00000000e8500000|  0%| F|  |TAMS 0x00000000e8400000| PB 0x00000000e8400000| Untracked 
| 133|0x00000000e8500000, 0x00000000e8500000, 0x00000000e8600000|  0%| F|  |TAMS 0x00000000e8500000| PB 0x00000000e8500000| Untracked 
| 134|0x00000000e8600000, 0x00000000e8600000, 0x00000000e8700000|  0%| F|  |TAMS 0x00000000e8600000| PB 0x00000000e8600000| Untracked 
| 135|0x00000000e8700000, 0x00000000e8700000, 0x00000000e8800000|  0%| F|  |TAMS 0x00000000e8700000| PB 0x00000000e8700000| Untracked 
| 136|0x00000000e8800000, 0x00000000e8800000, 0x00000000e8900000|  0%| F|  |TAMS 0x00000000e8800000| PB 0x00000000e8800000| Untracked 
| 137|0x00000000e8900000, 0x00000000e8900000, 0x00000000e8a00000|  0%| F|  |TAMS 0x00000000e8900000| PB 0x00000000e8900000| Untracked 
| 138|0x00000000e8a00000, 0x00000000e8a00000, 0x00000000e8b00000|  0%| F|  |TAMS 0x00000000e8a00000| PB 0x00000000e8a00000| Untracked 
| 139|0x00000000e8b00000, 0x00000000e8b00000, 0x00000000e8c00000|  0%| F|  |TAMS 0x00000000e8b00000| PB 0x00000000e8b00000| Untracked 
| 140|0x00000000e8c00000, 0x00000000e8c00000, 0x00000000e8d00000|  0%| F|  |TAMS 0x00000000e8c00000| PB 0x00000000e8c00000| Untracked 
| 141|0x00000000e8d00000, 0x00000000e8d00000, 0x00000000e8e00000|  0%| F|  |TAMS 0x00000000e8d00000| PB 0x00000000e8d00000| Untracked 
| 142|0x00000000e8e00000, 0x00000000e8e00000, 0x00000000e8f00000|  0%| F|  |TAMS 0x00000000e8e00000| PB 0x00000000e8e00000| Untracked 
| 143|0x00000000e8f00000, 0x00000000e8f00000, 0x00000000e9000000|  0%| F|  |TAMS 0x00000000e8f00000| PB 0x00000000e8f00000| Untracked 
| 144|0x00000000e9000000, 0x00000000e9000000, 0x00000000e9100000|  0%| F|  |TAMS 0x00000000e9000000| PB 0x00000000e9000000| Untracked 
| 145|0x00000000e9100000, 0x00000000e9100000, 0x00000000e9200000|  0%| F|  |TAMS 0x00000000e9100000| PB 0x00000000e9100000| Untracked 
| 146|0x00000000e9200000, 0x00000000e9200000, 0x00000000e9300000|  0%| F|  |TAMS 0x00000000e9200000| PB 0x00000000e9200000| Untracked 
| 147|0x00000000e9300000, 0x00000000e9300000, 0x00000000e9400000|  0%| F|  |TAMS 0x00000000e9300000| PB 0x00000000e9300000| Untracked 
| 148|0x00000000e9400000, 0x00000000e9400000, 0x00000000e9500000|  0%| F|  |TAMS 0x00000000e9400000| PB 0x00000000e9400000| Untracked 
| 149|0x00000000e9500000, 0x00000000e9500000, 0x00000000e9600000|  0%| F|  |TAMS 0x00000000e9500000| PB 0x00000000e9500000| Untracked 
| 150|0x00000000e9600000, 0x00000000e9600000, 0x00000000e9700000|  0%| F|  |TAMS 0x00000000e9600000| PB 0x00000000e9600000| Untracked 
| 151|0x00000000e9700000, 0x00000000e9700000, 0x00000000e9800000|  0%| F|  |TAMS 0x00000000e9700000| PB 0x00000000e9700000| Untracked 
| 152|0x00000000e9800000, 0x00000000e9800000, 0x00000000e9900000|  0%| F|  |TAMS 0x00000000e9800000| PB 0x00000000e9800000| Untracked 
| 153|0x00000000e9900000, 0x00000000e9900000, 0x00000000e9a00000|  0%| F|  |TAMS 0x00000000e9900000| PB 0x00000000e9900000| Untracked 
| 154|0x00000000e9a00000, 0x00000000e9a00000, 0x00000000e9b00000|  0%| F|  |TAMS 0x00000000e9a00000| PB 0x00000000e9a00000| Untracked 
| 155|0x00000000e9b00000, 0x00000000e9b00000, 0x00000000e9c00000|  0%| F|  |TAMS 0x00000000e9b00000| PB 0x00000000e9b00000| Untracked 
| 156|0x00000000e9c00000, 0x00000000e9c00000, 0x00000000e9d00000|  0%| F|  |TAMS 0x00000000e9c00000| PB 0x00000000e9c00000| Untracked 
| 157|0x00000000e9d00000, 0x00000000e9d00000, 0x00000000e9e00000|  0%| F|  |TAMS 0x00000000e9d00000| PB 0x00000000e9d00000| Untracked 
| 158|0x00000000e9e00000, 0x00000000e9e00000, 0x00000000e9f00000|  0%| F|  |TAMS 0x00000000e9e00000| PB 0x00000000e9e00000| Untracked 
| 159|0x00000000e9f00000, 0x00000000e9f00000, 0x00000000ea000000|  0%| F|  |TAMS 0x00000000e9f00000| PB 0x00000000e9f00000| Untracked 
| 160|0x00000000ea000000, 0x00000000ea000000, 0x00000000ea100000|  0%| F|  |TAMS 0x00000000ea000000| PB 0x00000000ea000000| Untracked 
| 161|0x00000000ea100000, 0x00000000ea100000, 0x00000000ea200000|  0%| F|  |TAMS 0x00000000ea100000| PB 0x00000000ea100000| Untracked 
| 162|0x00000000ea200000, 0x00000000ea200000, 0x00000000ea300000|  0%| F|  |TAMS 0x00000000ea200000| PB 0x00000000ea200000| Untracked 
| 163|0x00000000ea300000, 0x00000000ea300000, 0x00000000ea400000|  0%| F|  |TAMS 0x00000000ea300000| PB 0x00000000ea300000| Untracked 
| 164|0x00000000ea400000, 0x00000000ea400000, 0x00000000ea500000|  0%| F|  |TAMS 0x00000000ea400000| PB 0x00000000ea400000| Untracked 
| 165|0x00000000ea500000, 0x00000000ea500000, 0x00000000ea600000|  0%| F|  |TAMS 0x00000000ea500000| PB 0x00000000ea500000| Untracked 
| 166|0x00000000ea600000, 0x00000000ea600000, 0x00000000ea700000|  0%| F|  |TAMS 0x00000000ea600000| PB 0x00000000ea600000| Untracked 
| 167|0x00000000ea700000, 0x00000000ea700000, 0x00000000ea800000|  0%| F|  |TAMS 0x00000000ea700000| PB 0x00000000ea700000| Untracked 
| 168|0x00000000ea800000, 0x00000000ea800000, 0x00000000ea900000|  0%| F|  |TAMS 0x00000000ea800000| PB 0x00000000ea800000| Untracked 
| 169|0x00000000ea900000, 0x00000000ea900000, 0x00000000eaa00000|  0%| F|  |TAMS 0x00000000ea900000| PB 0x00000000ea900000| Untracked 
| 170|0x00000000eaa00000, 0x00000000eaa00000, 0x00000000eab00000|  0%| F|  |TAMS 0x00000000eaa00000| PB 0x00000000eaa00000| Untracked 
| 171|0x00000000eab00000, 0x00000000eab00000, 0x00000000eac00000|  0%| F|  |TAMS 0x00000000eab00000| PB 0x00000000eab00000| Untracked 
| 172|0x00000000eac00000, 0x00000000eac00000, 0x00000000ead00000|  0%| F|  |TAMS 0x00000000eac00000| PB 0x00000000eac00000| Untracked 
| 173|0x00000000ead00000, 0x00000000ead00000, 0x00000000eae00000|  0%| F|  |TAMS 0x00000000ead00000| PB 0x00000000ead00000| Untracked 
| 174|0x00000000eae00000, 0x00000000eae00000, 0x00000000eaf00000|  0%| F|  |TAMS 0x00000000eae00000| PB 0x00000000eae00000| Untracked 
| 175|0x00000000eaf00000, 0x00000000eaf00000, 0x00000000eb000000|  0%| F|  |TAMS 0x00000000eaf00000| PB 0x00000000eaf00000| Untracked 
| 176|0x00000000eb000000, 0x00000000eb000000, 0x00000000eb100000|  0%| F|  |TAMS 0x00000000eb000000| PB 0x00000000eb000000| Untracked 
| 177|0x00000000eb100000, 0x00000000eb100000, 0x00000000eb200000|  0%| F|  |TAMS 0x00000000eb100000| PB 0x00000000eb100000| Untracked 
| 178|0x00000000eb200000, 0x00000000eb200000, 0x00000000eb300000|  0%| F|  |TAMS 0x00000000eb200000| PB 0x00000000eb200000| Untracked 
| 179|0x00000000eb300000, 0x00000000eb300000, 0x00000000eb400000|  0%| F|  |TAMS 0x00000000eb300000| PB 0x00000000eb300000| Untracked 
| 180|0x00000000eb400000, 0x00000000eb400000, 0x00000000eb500000|  0%| F|  |TAMS 0x00000000eb400000| PB 0x00000000eb400000| Untracked 
| 181|0x00000000eb500000, 0x00000000eb500000, 0x00000000eb600000|  0%| F|  |TAMS 0x00000000eb500000| PB 0x00000000eb500000| Untracked 
| 182|0x00000000eb600000, 0x00000000eb600000, 0x00000000eb700000|  0%| F|  |TAMS 0x00000000eb600000| PB 0x00000000eb600000| Untracked 
| 183|0x00000000eb700000, 0x00000000eb700000, 0x00000000eb800000|  0%| F|  |TAMS 0x00000000eb700000| PB 0x00000000eb700000| Untracked 
| 184|0x00000000eb800000, 0x00000000eb800000, 0x00000000eb900000|  0%| F|  |TAMS 0x00000000eb800000| PB 0x00000000eb800000| Untracked 
| 185|0x00000000eb900000, 0x00000000eb900000, 0x00000000eba00000|  0%| F|  |TAMS 0x00000000eb900000| PB 0x00000000eb900000| Untracked 
| 186|0x00000000eba00000, 0x00000000eba00000, 0x00000000ebb00000|  0%| F|  |TAMS 0x00000000eba00000| PB 0x00000000eba00000| Untracked 
| 187|0x00000000ebb00000, 0x00000000ebb00000, 0x00000000ebc00000|  0%| F|  |TAMS 0x00000000ebb00000| PB 0x00000000ebb00000| Untracked 
| 188|0x00000000ebc00000, 0x00000000ebc00000, 0x00000000ebd00000|  0%| F|  |TAMS 0x00000000ebc00000| PB 0x00000000ebc00000| Untracked 
| 189|0x00000000ebd00000, 0x00000000ebd00000, 0x00000000ebe00000|  0%| F|  |TAMS 0x00000000ebd00000| PB 0x00000000ebd00000| Untracked 
| 190|0x00000000ebe00000, 0x00000000ebe00000, 0x00000000ebf00000|  0%| F|  |TAMS 0x00000000ebe00000| PB 0x00000000ebe00000| Untracked 
| 191|0x00000000ebf00000, 0x00000000ebf00000, 0x00000000ec000000|  0%| F|  |TAMS 0x00000000ebf00000| PB 0x00000000ebf00000| Untracked 
| 192|0x00000000ec000000, 0x00000000ec000000, 0x00000000ec100000|  0%| F|  |TAMS 0x00000000ec000000| PB 0x00000000ec000000| Untracked 
| 193|0x00000000ec100000, 0x00000000ec100000, 0x00000000ec200000|  0%| F|  |TAMS 0x00000000ec100000| PB 0x00000000ec100000| Untracked 
| 194|0x00000000ec200000, 0x00000000ec200000, 0x00000000ec300000|  0%| F|  |TAMS 0x00000000ec200000| PB 0x00000000ec200000| Untracked 
| 195|0x00000000ec300000, 0x00000000ec300000, 0x00000000ec400000|  0%| F|  |TAMS 0x00000000ec300000| PB 0x00000000ec300000| Untracked 
| 196|0x00000000ec400000, 0x00000000ec400000, 0x00000000ec500000|  0%| F|  |TAMS 0x00000000ec400000| PB 0x00000000ec400000| Untracked 
| 197|0x00000000ec500000, 0x00000000ec500000, 0x00000000ec600000|  0%| F|  |TAMS 0x00000000ec500000| PB 0x00000000ec500000| Untracked 
| 198|0x00000000ec600000, 0x00000000ec600000, 0x00000000ec700000|  0%| F|  |TAMS 0x00000000ec600000| PB 0x00000000ec600000| Untracked 
| 199|0x00000000ec700000, 0x00000000ec700000, 0x00000000ec800000|  0%| F|  |TAMS 0x00000000ec700000| PB 0x00000000ec700000| Untracked 
| 200|0x00000000ec800000, 0x00000000ec800000, 0x00000000ec900000|  0%| F|  |TAMS 0x00000000ec800000| PB 0x00000000ec800000| Untracked 
| 201|0x00000000ec900000, 0x00000000ec900000, 0x00000000eca00000|  0%| F|  |TAMS 0x00000000ec900000| PB 0x00000000ec900000| Untracked 
| 202|0x00000000eca00000, 0x00000000eca00000, 0x00000000ecb00000|  0%| F|  |TAMS 0x00000000eca00000| PB 0x00000000eca00000| Untracked 
| 203|0x00000000ecb00000, 0x00000000ecb00000, 0x00000000ecc00000|  0%| F|  |TAMS 0x00000000ecb00000| PB 0x00000000ecb00000| Untracked 
| 204|0x00000000ecc00000, 0x00000000ecc00000, 0x00000000ecd00000|  0%| F|  |TAMS 0x00000000ecc00000| PB 0x00000000ecc00000| Untracked 
| 205|0x00000000ecd00000, 0x00000000ecd00000, 0x00000000ece00000|  0%| F|  |TAMS 0x00000000ecd00000| PB 0x00000000ecd00000| Untracked 
| 206|0x00000000ece00000, 0x00000000ece00000, 0x00000000ecf00000|  0%| F|  |TAMS 0x00000000ece00000| PB 0x00000000ece00000| Untracked 
| 207|0x00000000ecf00000, 0x00000000ecf00000, 0x00000000ed000000|  0%| F|  |TAMS 0x00000000ecf00000| PB 0x00000000ecf00000| Untracked 
| 208|0x00000000ed000000, 0x00000000ed000000, 0x00000000ed100000|  0%| F|  |TAMS 0x00000000ed000000| PB 0x00000000ed000000| Untracked 
| 209|0x00000000ed100000, 0x00000000ed100000, 0x00000000ed200000|  0%| F|  |TAMS 0x00000000ed100000| PB 0x00000000ed100000| Untracked 
| 210|0x00000000ed200000, 0x00000000ed200000, 0x00000000ed300000|  0%| F|  |TAMS 0x00000000ed200000| PB 0x00000000ed200000| Untracked 
| 211|0x00000000ed300000, 0x00000000ed300000, 0x00000000ed400000|  0%| F|  |TAMS 0x00000000ed300000| PB 0x00000000ed300000| Untracked 
| 212|0x00000000ed400000, 0x00000000ed400000, 0x00000000ed500000|  0%| F|  |TAMS 0x00000000ed400000| PB 0x00000000ed400000| Untracked 
| 213|0x00000000ed500000, 0x00000000ed500000, 0x00000000ed600000|  0%| F|  |TAMS 0x00000000ed500000| PB 0x00000000ed500000| Untracked 
| 214|0x00000000ed600000, 0x00000000ed600000, 0x00000000ed700000|  0%| F|  |TAMS 0x00000000ed600000| PB 0x00000000ed600000| Untracked 
| 215|0x00000000ed700000, 0x00000000ed700000, 0x00000000ed800000|  0%| F|  |TAMS 0x00000000ed700000| PB 0x00000000ed700000| Untracked 
| 216|0x00000000ed800000, 0x00000000ed800000, 0x00000000ed900000|  0%| F|  |TAMS 0x00000000ed800000| PB 0x00000000ed800000| Untracked 
| 217|0x00000000ed900000, 0x00000000ed900000, 0x00000000eda00000|  0%| F|  |TAMS 0x00000000ed900000| PB 0x00000000ed900000| Untracked 
| 218|0x00000000eda00000, 0x00000000eda00000, 0x00000000edb00000|  0%| F|  |TAMS 0x00000000eda00000| PB 0x00000000eda00000| Untracked 
| 219|0x00000000edb00000, 0x00000000edb00000, 0x00000000edc00000|  0%| F|  |TAMS 0x00000000edb00000| PB 0x00000000edb00000| Untracked 
| 220|0x00000000edc00000, 0x00000000edc00000, 0x00000000edd00000|  0%| F|  |TAMS 0x00000000edc00000| PB 0x00000000edc00000| Untracked 
| 221|0x00000000edd00000, 0x00000000edd00000, 0x00000000ede00000|  0%| F|  |TAMS 0x00000000edd00000| PB 0x00000000edd00000| Untracked 
| 222|0x00000000ede00000, 0x00000000ede00000, 0x00000000edf00000|  0%| F|  |TAMS 0x00000000ede00000| PB 0x00000000ede00000| Untracked 
| 223|0x00000000edf00000, 0x00000000edf00000, 0x00000000ee000000|  0%| F|  |TAMS 0x00000000edf00000| PB 0x00000000edf00000| Untracked 
| 224|0x00000000ee000000, 0x00000000ee000000, 0x00000000ee100000|  0%| F|  |TAMS 0x00000000ee000000| PB 0x00000000ee000000| Untracked 
| 225|0x00000000ee100000, 0x00000000ee100000, 0x00000000ee200000|  0%| F|  |TAMS 0x00000000ee100000| PB 0x00000000ee100000| Untracked 
| 226|0x00000000ee200000, 0x00000000ee200000, 0x00000000ee300000|  0%| F|  |TAMS 0x00000000ee200000| PB 0x00000000ee200000| Untracked 
| 227|0x00000000ee300000, 0x00000000ee300000, 0x00000000ee400000|  0%| F|  |TAMS 0x00000000ee300000| PB 0x00000000ee300000| Untracked 
| 228|0x00000000ee400000, 0x00000000ee400000, 0x00000000ee500000|  0%| F|  |TAMS 0x00000000ee400000| PB 0x00000000ee400000| Untracked 
| 229|0x00000000ee500000, 0x00000000ee500000, 0x00000000ee600000|  0%| F|  |TAMS 0x00000000ee500000| PB 0x00000000ee500000| Untracked 
| 230|0x00000000ee600000, 0x00000000ee600000, 0x00000000ee700000|  0%| F|  |TAMS 0x00000000ee600000| PB 0x00000000ee600000| Untracked 
| 231|0x00000000ee700000, 0x00000000ee700000, 0x00000000ee800000|  0%| F|  |TAMS 0x00000000ee700000| PB 0x00000000ee700000| Untracked 
| 232|0x00000000ee800000, 0x00000000ee800000, 0x00000000ee900000|  0%| F|  |TAMS 0x00000000ee800000| PB 0x00000000ee800000| Untracked 
| 233|0x00000000ee900000, 0x00000000ee900000, 0x00000000eea00000|  0%| F|  |TAMS 0x00000000ee900000| PB 0x00000000ee900000| Untracked 
| 234|0x00000000eea00000, 0x00000000eea00000, 0x00000000eeb00000|  0%| F|  |TAMS 0x00000000eea00000| PB 0x00000000eea00000| Untracked 
| 235|0x00000000eeb00000, 0x00000000eeb00000, 0x00000000eec00000|  0%| F|  |TAMS 0x00000000eeb00000| PB 0x00000000eeb00000| Untracked 
| 236|0x00000000eec00000, 0x00000000eec00000, 0x00000000eed00000|  0%| F|  |TAMS 0x00000000eec00000| PB 0x00000000eec00000| Untracked 
| 237|0x00000000eed00000, 0x00000000eed00000, 0x00000000eee00000|  0%| F|  |TAMS 0x00000000eed00000| PB 0x00000000eed00000| Untracked 
| 238|0x00000000eee00000, 0x00000000eee00000, 0x00000000eef00000|  0%| F|  |TAMS 0x00000000eee00000| PB 0x00000000eee00000| Untracked 
| 239|0x00000000eef00000, 0x00000000eef00000, 0x00000000ef000000|  0%| F|  |TAMS 0x00000000eef00000| PB 0x00000000eef00000| Untracked 
| 240|0x00000000ef000000, 0x00000000ef000000, 0x00000000ef100000|  0%| F|  |TAMS 0x00000000ef000000| PB 0x00000000ef000000| Untracked 
| 241|0x00000000ef100000, 0x00000000ef100000, 0x00000000ef200000|  0%| F|  |TAMS 0x00000000ef100000| PB 0x00000000ef100000| Untracked 
| 242|0x00000000ef200000, 0x00000000ef200000, 0x00000000ef300000|  0%| F|  |TAMS 0x00000000ef200000| PB 0x00000000ef200000| Untracked 
| 243|0x00000000ef300000, 0x00000000ef300000, 0x00000000ef400000|  0%| F|  |TAMS 0x00000000ef300000| PB 0x00000000ef300000| Untracked 
| 244|0x00000000ef400000, 0x00000000ef400000, 0x00000000ef500000|  0%| F|  |TAMS 0x00000000ef400000| PB 0x00000000ef400000| Untracked 
| 245|0x00000000ef500000, 0x00000000ef500000, 0x00000000ef600000|  0%| F|  |TAMS 0x00000000ef500000| PB 0x00000000ef500000| Untracked 
| 246|0x00000000ef600000, 0x00000000ef600000, 0x00000000ef700000|  0%| F|  |TAMS 0x00000000ef600000| PB 0x00000000ef600000| Untracked 
| 247|0x00000000ef700000, 0x00000000ef700000, 0x00000000ef800000|  0%| F|  |TAMS 0x00000000ef700000| PB 0x00000000ef700000| Untracked 
| 248|0x00000000ef800000, 0x00000000ef800000, 0x00000000ef900000|  0%| F|  |TAMS 0x00000000ef800000| PB 0x00000000ef800000| Untracked 
| 249|0x00000000ef900000, 0x00000000ef900000, 0x00000000efa00000|  0%| F|  |TAMS 0x00000000ef900000| PB 0x00000000ef900000| Untracked 
| 250|0x00000000efa00000, 0x00000000efa00000, 0x00000000efb00000|  0%| F|  |TAMS 0x00000000efa00000| PB 0x00000000efa00000| Untracked 
| 251|0x00000000efb00000, 0x00000000efb00000, 0x00000000efc00000|  0%| F|  |TAMS 0x00000000efb00000| PB 0x00000000efb00000| Untracked 
| 252|0x00000000efc00000, 0x00000000efc00000, 0x00000000efd00000|  0%| F|  |TAMS 0x00000000efc00000| PB 0x00000000efc00000| Untracked 
| 253|0x00000000efd00000, 0x00000000efd00000, 0x00000000efe00000|  0%| F|  |TAMS 0x00000000efd00000| PB 0x00000000efd00000| Untracked 
| 254|0x00000000efe00000, 0x00000000efe00000, 0x00000000eff00000|  0%| F|  |TAMS 0x00000000efe00000| PB 0x00000000efe00000| Untracked 
| 255|0x00000000eff00000, 0x00000000eff00000, 0x00000000f0000000|  0%| F|  |TAMS 0x00000000eff00000| PB 0x00000000eff00000| Untracked 
| 256|0x00000000f0000000, 0x00000000f0000000, 0x00000000f0100000|  0%| F|  |TAMS 0x00000000f0000000| PB 0x00000000f0000000| Untracked 
| 257|0x00000000f0100000, 0x00000000f0100000, 0x00000000f0200000|  0%| F|  |TAMS 0x00000000f0100000| PB 0x00000000f0100000| Untracked 
| 258|0x00000000f0200000, 0x00000000f0200000, 0x00000000f0300000|  0%| F|  |TAMS 0x00000000f0200000| PB 0x00000000f0200000| Untracked 
| 259|0x00000000f0300000, 0x00000000f0300000, 0x00000000f0400000|  0%| F|  |TAMS 0x00000000f0300000| PB 0x00000000f0300000| Untracked 
| 260|0x00000000f0400000, 0x00000000f0400000, 0x00000000f0500000|  0%| F|  |TAMS 0x00000000f0400000| PB 0x00000000f0400000| Untracked 
| 261|0x00000000f0500000, 0x00000000f0500000, 0x00000000f0600000|  0%| F|  |TAMS 0x00000000f0500000| PB 0x00000000f0500000| Untracked 
| 262|0x00000000f0600000, 0x00000000f0600000, 0x00000000f0700000|  0%| F|  |TAMS 0x00000000f0600000| PB 0x00000000f0600000| Untracked 
| 263|0x00000000f0700000, 0x00000000f0700000, 0x00000000f0800000|  0%| F|  |TAMS 0x00000000f0700000| PB 0x00000000f0700000| Untracked 
| 264|0x00000000f0800000, 0x00000000f0800000, 0x00000000f0900000|  0%| F|  |TAMS 0x00000000f0800000| PB 0x00000000f0800000| Untracked 
| 265|0x00000000f0900000, 0x00000000f0900000, 0x00000000f0a00000|  0%| F|  |TAMS 0x00000000f0900000| PB 0x00000000f0900000| Untracked 
| 266|0x00000000f0a00000, 0x00000000f0a00000, 0x00000000f0b00000|  0%| F|  |TAMS 0x00000000f0a00000| PB 0x00000000f0a00000| Untracked 
| 267|0x00000000f0b00000, 0x00000000f0b00000, 0x00000000f0c00000|  0%| F|  |TAMS 0x00000000f0b00000| PB 0x00000000f0b00000| Untracked 
| 268|0x00000000f0c00000, 0x00000000f0c00000, 0x00000000f0d00000|  0%| F|  |TAMS 0x00000000f0c00000| PB 0x00000000f0c00000| Untracked 
| 269|0x00000000f0d00000, 0x00000000f0d00000, 0x00000000f0e00000|  0%| F|  |TAMS 0x00000000f0d00000| PB 0x00000000f0d00000| Untracked 
| 270|0x00000000f0e00000, 0x00000000f0e00000, 0x00000000f0f00000|  0%| F|  |TAMS 0x00000000f0e00000| PB 0x00000000f0e00000| Untracked 
| 271|0x00000000f0f00000, 0x00000000f0f00000, 0x00000000f1000000|  0%| F|  |TAMS 0x00000000f0f00000| PB 0x00000000f0f00000| Untracked 
| 272|0x00000000f1000000, 0x00000000f1000000, 0x00000000f1100000|  0%| F|  |TAMS 0x00000000f1000000| PB 0x00000000f1000000| Untracked 
| 273|0x00000000f1100000, 0x00000000f1100000, 0x00000000f1200000|  0%| F|  |TAMS 0x00000000f1100000| PB 0x00000000f1100000| Untracked 
| 274|0x00000000f1200000, 0x00000000f1200000, 0x00000000f1300000|  0%| F|  |TAMS 0x00000000f1200000| PB 0x00000000f1200000| Untracked 
| 275|0x00000000f1300000, 0x00000000f1300000, 0x00000000f1400000|  0%| F|  |TAMS 0x00000000f1300000| PB 0x00000000f1300000| Untracked 
| 276|0x00000000f1400000, 0x00000000f1400000, 0x00000000f1500000|  0%| F|  |TAMS 0x00000000f1400000| PB 0x00000000f1400000| Untracked 
| 277|0x00000000f1500000, 0x00000000f1500000, 0x00000000f1600000|  0%| F|  |TAMS 0x00000000f1500000| PB 0x00000000f1500000| Untracked 
| 278|0x00000000f1600000, 0x00000000f1600000, 0x00000000f1700000|  0%| F|  |TAMS 0x00000000f1600000| PB 0x00000000f1600000| Untracked 
| 279|0x00000000f1700000, 0x00000000f1700000, 0x00000000f1800000|  0%| F|  |TAMS 0x00000000f1700000| PB 0x00000000f1700000| Untracked 
| 280|0x00000000f1800000, 0x00000000f1800000, 0x00000000f1900000|  0%| F|  |TAMS 0x00000000f1800000| PB 0x00000000f1800000| Untracked 
| 281|0x00000000f1900000, 0x00000000f1900000, 0x00000000f1a00000|  0%| F|  |TAMS 0x00000000f1900000| PB 0x00000000f1900000| Untracked 
| 282|0x00000000f1a00000, 0x00000000f1a00000, 0x00000000f1b00000|  0%| F|  |TAMS 0x00000000f1a00000| PB 0x00000000f1a00000| Untracked 
| 283|0x00000000f1b00000, 0x00000000f1b00000, 0x00000000f1c00000|  0%| F|  |TAMS 0x00000000f1b00000| PB 0x00000000f1b00000| Untracked 
| 284|0x00000000f1c00000, 0x00000000f1c00000, 0x00000000f1d00000|  0%| F|  |TAMS 0x00000000f1c00000| PB 0x00000000f1c00000| Untracked 
| 285|0x00000000f1d00000, 0x00000000f1d00000, 0x00000000f1e00000|  0%| F|  |TAMS 0x00000000f1d00000| PB 0x00000000f1d00000| Untracked 
| 286|0x00000000f1e00000, 0x00000000f1e00000, 0x00000000f1f00000|  0%| F|  |TAMS 0x00000000f1e00000| PB 0x00000000f1e00000| Untracked 
| 287|0x00000000f1f00000, 0x00000000f1f00000, 0x00000000f2000000|  0%| F|  |TAMS 0x00000000f1f00000| PB 0x00000000f1f00000| Untracked 
| 288|0x00000000f2000000, 0x00000000f2000000, 0x00000000f2100000|  0%| F|  |TAMS 0x00000000f2000000| PB 0x00000000f2000000| Untracked 
| 289|0x00000000f2100000, 0x00000000f2100000, 0x00000000f2200000|  0%| F|  |TAMS 0x00000000f2100000| PB 0x00000000f2100000| Untracked 
| 290|0x00000000f2200000, 0x00000000f2200000, 0x00000000f2300000|  0%| F|  |TAMS 0x00000000f2200000| PB 0x00000000f2200000| Untracked 
| 291|0x00000000f2300000, 0x00000000f2300000, 0x00000000f2400000|  0%| F|  |TAMS 0x00000000f2300000| PB 0x00000000f2300000| Untracked 
| 292|0x00000000f2400000, 0x00000000f2400000, 0x00000000f2500000|  0%| F|  |TAMS 0x00000000f2400000| PB 0x00000000f2400000| Untracked 
| 293|0x00000000f2500000, 0x00000000f2500000, 0x00000000f2600000|  0%| F|  |TAMS 0x00000000f2500000| PB 0x00000000f2500000| Untracked 
| 294|0x00000000f2600000, 0x00000000f2600000, 0x00000000f2700000|  0%| F|  |TAMS 0x00000000f2600000| PB 0x00000000f2600000| Untracked 
| 295|0x00000000f2700000, 0x00000000f2700000, 0x00000000f2800000|  0%| F|  |TAMS 0x00000000f2700000| PB 0x00000000f2700000| Untracked 
| 296|0x00000000f2800000, 0x00000000f2800000, 0x00000000f2900000|  0%| F|  |TAMS 0x00000000f2800000| PB 0x00000000f2800000| Untracked 
| 297|0x00000000f2900000, 0x00000000f2900000, 0x00000000f2a00000|  0%| F|  |TAMS 0x00000000f2900000| PB 0x00000000f2900000| Untracked 
| 298|0x00000000f2a00000, 0x00000000f2a00000, 0x00000000f2b00000|  0%| F|  |TAMS 0x00000000f2a00000| PB 0x00000000f2a00000| Untracked 
| 299|0x00000000f2b00000, 0x00000000f2b00000, 0x00000000f2c00000|  0%| F|  |TAMS 0x00000000f2b00000| PB 0x00000000f2b00000| Untracked 
| 300|0x00000000f2c00000, 0x00000000f2c00000, 0x00000000f2d00000|  0%| F|  |TAMS 0x00000000f2c00000| PB 0x00000000f2c00000| Untracked 
| 301|0x00000000f2d00000, 0x00000000f2d00000, 0x00000000f2e00000|  0%| F|  |TAMS 0x00000000f2d00000| PB 0x00000000f2d00000| Untracked 
| 302|0x00000000f2e00000, 0x00000000f2e00000, 0x00000000f2f00000|  0%| F|  |TAMS 0x00000000f2e00000| PB 0x00000000f2e00000| Untracked 
| 303|0x00000000f2f00000, 0x00000000f2f00000, 0x00000000f3000000|  0%| F|  |TAMS 0x00000000f2f00000| PB 0x00000000f2f00000| Untracked 
| 304|0x00000000f3000000, 0x00000000f3000000, 0x00000000f3100000|  0%| F|  |TAMS 0x00000000f3000000| PB 0x00000000f3000000| Untracked 
| 305|0x00000000f3100000, 0x00000000f3100000, 0x00000000f3200000|  0%| F|  |TAMS 0x00000000f3100000| PB 0x00000000f3100000| Untracked 
| 306|0x00000000f3200000, 0x00000000f3200000, 0x00000000f3300000|  0%| F|  |TAMS 0x00000000f3200000| PB 0x00000000f3200000| Untracked 
| 307|0x00000000f3300000, 0x00000000f3300000, 0x00000000f3400000|  0%| F|  |TAMS 0x00000000f3300000| PB 0x00000000f3300000| Untracked 
| 308|0x00000000f3400000, 0x00000000f3400000, 0x00000000f3500000|  0%| F|  |TAMS 0x00000000f3400000| PB 0x00000000f3400000| Untracked 
| 309|0x00000000f3500000, 0x00000000f3500000, 0x00000000f3600000|  0%| F|  |TAMS 0x00000000f3500000| PB 0x00000000f3500000| Untracked 
| 310|0x00000000f3600000, 0x00000000f3600000, 0x00000000f3700000|  0%| F|  |TAMS 0x00000000f3600000| PB 0x00000000f3600000| Untracked 
| 311|0x00000000f3700000, 0x00000000f3700000, 0x00000000f3800000|  0%| F|  |TAMS 0x00000000f3700000| PB 0x00000000f3700000| Untracked 
| 312|0x00000000f3800000, 0x00000000f3800000, 0x00000000f3900000|  0%| F|  |TAMS 0x00000000f3800000| PB 0x00000000f3800000| Untracked 
| 313|0x00000000f3900000, 0x00000000f3900000, 0x00000000f3a00000|  0%| F|  |TAMS 0x00000000f3900000| PB 0x00000000f3900000| Untracked 
| 314|0x00000000f3a00000, 0x00000000f3a00000, 0x00000000f3b00000|  0%| F|  |TAMS 0x00000000f3a00000| PB 0x00000000f3a00000| Untracked 
| 315|0x00000000f3b00000, 0x00000000f3b00000, 0x00000000f3c00000|  0%| F|  |TAMS 0x00000000f3b00000| PB 0x00000000f3b00000| Untracked 
| 316|0x00000000f3c00000, 0x00000000f3c00000, 0x00000000f3d00000|  0%| F|  |TAMS 0x00000000f3c00000| PB 0x00000000f3c00000| Untracked 
| 317|0x00000000f3d00000, 0x00000000f3d00000, 0x00000000f3e00000|  0%| F|  |TAMS 0x00000000f3d00000| PB 0x00000000f3d00000| Untracked 
| 318|0x00000000f3e00000, 0x00000000f3e00000, 0x00000000f3f00000|  0%| F|  |TAMS 0x00000000f3e00000| PB 0x00000000f3e00000| Untracked 
| 319|0x00000000f3f00000, 0x00000000f3f00000, 0x00000000f4000000|  0%| F|  |TAMS 0x00000000f3f00000| PB 0x00000000f3f00000| Untracked 
| 320|0x00000000f4000000, 0x00000000f4000000, 0x00000000f4100000|  0%| F|  |TAMS 0x00000000f4000000| PB 0x00000000f4000000| Untracked 
| 321|0x00000000f4100000, 0x00000000f4100000, 0x00000000f4200000|  0%| F|  |TAMS 0x00000000f4100000| PB 0x00000000f4100000| Untracked 
| 322|0x00000000f4200000, 0x00000000f4200000, 0x00000000f4300000|  0%| F|  |TAMS 0x00000000f4200000| PB 0x00000000f4200000| Untracked 
| 323|0x00000000f4300000, 0x00000000f4300000, 0x00000000f4400000|  0%| F|  |TAMS 0x00000000f4300000| PB 0x00000000f4300000| Untracked 
| 324|0x00000000f4400000, 0x00000000f4400000, 0x00000000f4500000|  0%| F|  |TAMS 0x00000000f4400000| PB 0x00000000f4400000| Untracked 
| 325|0x00000000f4500000, 0x00000000f4500000, 0x00000000f4600000|  0%| F|  |TAMS 0x00000000f4500000| PB 0x00000000f4500000| Untracked 
| 326|0x00000000f4600000, 0x00000000f4600000, 0x00000000f4700000|  0%| F|  |TAMS 0x00000000f4600000| PB 0x00000000f4600000| Untracked 
| 327|0x00000000f4700000, 0x00000000f4700000, 0x00000000f4800000|  0%| F|  |TAMS 0x00000000f4700000| PB 0x00000000f4700000| Untracked 
| 328|0x00000000f4800000, 0x00000000f4800000, 0x00000000f4900000|  0%| F|  |TAMS 0x00000000f4800000| PB 0x00000000f4800000| Untracked 
| 329|0x00000000f4900000, 0x00000000f4900000, 0x00000000f4a00000|  0%| F|  |TAMS 0x00000000f4900000| PB 0x00000000f4900000| Untracked 
| 330|0x00000000f4a00000, 0x00000000f4a00000, 0x00000000f4b00000|  0%| F|  |TAMS 0x00000000f4a00000| PB 0x00000000f4a00000| Untracked 
| 331|0x00000000f4b00000, 0x00000000f4b00000, 0x00000000f4c00000|  0%| F|  |TAMS 0x00000000f4b00000| PB 0x00000000f4b00000| Untracked 
| 332|0x00000000f4c00000, 0x00000000f4c00000, 0x00000000f4d00000|  0%| F|  |TAMS 0x00000000f4c00000| PB 0x00000000f4c00000| Untracked 
| 333|0x00000000f4d00000, 0x00000000f4d00000, 0x00000000f4e00000|  0%| F|  |TAMS 0x00000000f4d00000| PB 0x00000000f4d00000| Untracked 
| 334|0x00000000f4e00000, 0x00000000f4e00000, 0x00000000f4f00000|  0%| F|  |TAMS 0x00000000f4e00000| PB 0x00000000f4e00000| Untracked 
| 335|0x00000000f4f00000, 0x00000000f4f00000, 0x00000000f5000000|  0%| F|  |TAMS 0x00000000f4f00000| PB 0x00000000f4f00000| Untracked 
| 336|0x00000000f5000000, 0x00000000f5000000, 0x00000000f5100000|  0%| F|  |TAMS 0x00000000f5000000| PB 0x00000000f5000000| Untracked 
| 337|0x00000000f5100000, 0x00000000f5100000, 0x00000000f5200000|  0%| F|  |TAMS 0x00000000f5100000| PB 0x00000000f5100000| Untracked 
| 338|0x00000000f5200000, 0x00000000f5200000, 0x00000000f5300000|  0%| F|  |TAMS 0x00000000f5200000| PB 0x00000000f5200000| Untracked 
| 339|0x00000000f5300000, 0x00000000f5300000, 0x00000000f5400000|  0%| F|  |TAMS 0x00000000f5300000| PB 0x00000000f5300000| Untracked 
| 340|0x00000000f5400000, 0x00000000f5400000, 0x00000000f5500000|  0%| F|  |TAMS 0x00000000f5400000| PB 0x00000000f5400000| Untracked 
| 341|0x00000000f5500000, 0x00000000f5500000, 0x00000000f5600000|  0%| F|  |TAMS 0x00000000f5500000| PB 0x00000000f5500000| Untracked 
| 342|0x00000000f5600000, 0x00000000f5600000, 0x00000000f5700000|  0%| F|  |TAMS 0x00000000f5600000| PB 0x00000000f5600000| Untracked 
| 343|0x00000000f5700000, 0x00000000f5700000, 0x00000000f5800000|  0%| F|  |TAMS 0x00000000f5700000| PB 0x00000000f5700000| Untracked 
| 344|0x00000000f5800000, 0x00000000f5800000, 0x00000000f5900000|  0%| F|  |TAMS 0x00000000f5800000| PB 0x00000000f5800000| Untracked 
| 345|0x00000000f5900000, 0x00000000f5900000, 0x00000000f5a00000|  0%| F|  |TAMS 0x00000000f5900000| PB 0x00000000f5900000| Untracked 
| 346|0x00000000f5a00000, 0x00000000f5a00000, 0x00000000f5b00000|  0%| F|  |TAMS 0x00000000f5a00000| PB 0x00000000f5a00000| Untracked 
| 347|0x00000000f5b00000, 0x00000000f5b00000, 0x00000000f5c00000|  0%| F|  |TAMS 0x00000000f5b00000| PB 0x00000000f5b00000| Untracked 
| 348|0x00000000f5c00000, 0x00000000f5c00000, 0x00000000f5d00000|  0%| F|  |TAMS 0x00000000f5c00000| PB 0x00000000f5c00000| Untracked 
| 349|0x00000000f5d00000, 0x00000000f5d00000, 0x00000000f5e00000|  0%| F|  |TAMS 0x00000000f5d00000| PB 0x00000000f5d00000| Untracked 
| 350|0x00000000f5e00000, 0x00000000f5e00000, 0x00000000f5f00000|  0%| F|  |TAMS 0x00000000f5e00000| PB 0x00000000f5e00000| Untracked 
| 351|0x00000000f5f00000, 0x00000000f5f00000, 0x00000000f6000000|  0%| F|  |TAMS 0x00000000f5f00000| PB 0x00000000f5f00000| Untracked 
| 352|0x00000000f6000000, 0x00000000f6000000, 0x00000000f6100000|  0%| F|  |TAMS 0x00000000f6000000| PB 0x00000000f6000000| Untracked 
| 353|0x00000000f6100000, 0x00000000f6100000, 0x00000000f6200000|  0%| F|  |TAMS 0x00000000f6100000| PB 0x00000000f6100000| Untracked 
| 354|0x00000000f6200000, 0x00000000f6200000, 0x00000000f6300000|  0%| F|  |TAMS 0x00000000f6200000| PB 0x00000000f6200000| Untracked 
| 355|0x00000000f6300000, 0x00000000f6400000, 0x00000000f6400000|100%| S|CS|TAMS 0x00000000f6300000| PB 0x00000000f6300000| Complete 
| 356|0x00000000f6400000, 0x00000000f6500000, 0x00000000f6500000|100%| S|CS|TAMS 0x00000000f6400000| PB 0x00000000f6400000| Complete 
| 357|0x00000000f6500000, 0x00000000f6600000, 0x00000000f6600000|100%| S|CS|TAMS 0x00000000f6500000| PB 0x00000000f6500000| Complete 
| 358|0x00000000f6600000, 0x00000000f6600000, 0x00000000f6700000|  0%| F|  |TAMS 0x00000000f6600000| PB 0x00000000f6600000| Untracked 
| 359|0x00000000f6700000, 0x00000000f6700000, 0x00000000f6800000|  0%| F|  |TAMS 0x00000000f6700000| PB 0x00000000f6700000| Untracked 
| 360|0x00000000f6800000, 0x00000000f6800000, 0x00000000f6900000|  0%| F|  |TAMS 0x00000000f6800000| PB 0x00000000f6800000| Untracked 
| 361|0x00000000f6900000, 0x00000000f6900000, 0x00000000f6a00000|  0%| F|  |TAMS 0x00000000f6900000| PB 0x00000000f6900000| Untracked 
| 362|0x00000000f6a00000, 0x00000000f6ac04b8, 0x00000000f6b00000| 75%| E|  |TAMS 0x00000000f6a00000| PB 0x00000000f6a00000| Complete 
| 363|0x00000000f6b00000, 0x00000000f6c00000, 0x00000000f6c00000|100%| E|CS|TAMS 0x00000000f6b00000| PB 0x00000000f6b00000| Complete 
| 364|0x00000000f6c00000, 0x00000000f6d00000, 0x00000000f6d00000|100%| E|CS|TAMS 0x00000000f6c00000| PB 0x00000000f6c00000| Complete 
| 365|0x00000000f6d00000, 0x00000000f6e00000, 0x00000000f6e00000|100%| E|  |TAMS 0x00000000f6d00000| PB 0x00000000f6d00000| Complete 
| 366|0x00000000f6e00000, 0x00000000f6f00000, 0x00000000f6f00000|100%| E|CS|TAMS 0x00000000f6e00000| PB 0x00000000f6e00000| Complete 
| 367|0x00000000f6f00000, 0x00000000f7000000, 0x00000000f7000000|100%| E|CS|TAMS 0x00000000f6f00000| PB 0x00000000f6f00000| Complete 
| 368|0x00000000f7000000, 0x00000000f7100000, 0x00000000f7100000|100%| E|CS|TAMS 0x00000000f7000000| PB 0x00000000f7000000| Complete 
| 369|0x00000000f7100000, 0x00000000f7200000, 0x00000000f7200000|100%| E|CS|TAMS 0x00000000f7100000| PB 0x00000000f7100000| Complete 
| 370|0x00000000f7200000, 0x00000000f7300000, 0x00000000f7300000|100%| E|CS|TAMS 0x00000000f7200000| PB 0x00000000f7200000| Complete 
| 371|0x00000000f7300000, 0x00000000f7400000, 0x00000000f7400000|100%| E|CS|TAMS 0x00000000f7300000| PB 0x00000000f7300000| Complete 
| 372|0x00000000f7400000, 0x00000000f7500000, 0x00000000f7500000|100%| E|CS|TAMS 0x00000000f7400000| PB 0x00000000f7400000| Complete 
| 373|0x00000000f7500000, 0x00000000f7600000, 0x00000000f7600000|100%| E|CS|TAMS 0x00000000f7500000| PB 0x00000000f7500000| Complete 
| 374|0x00000000f7600000, 0x00000000f7700000, 0x00000000f7700000|100%| E|CS|TAMS 0x00000000f7600000| PB 0x00000000f7600000| Complete 
| 375|0x00000000f7700000, 0x00000000f7800000, 0x00000000f7800000|100%| E|CS|TAMS 0x00000000f7700000| PB 0x00000000f7700000| Complete 
| 510|0x00000000ffe00000, 0x00000000fff00000, 0x00000000fff00000|100%| O|  |TAMS 0x00000000ffe00000| PB 0x00000000ffe00000| Untracked 
| 511|0x00000000fff00000, 0x00000000fff0c680, 0x0000000100000000|  4%| O|  |TAMS 0x00000000fff00000| PB 0x00000000fff00000| Untracked 

Card table byte_map: [0x0000e37c8cbd6000,0x0000e37c8ccd6000] _byte_map_base: 0x0000e37c8c4d6000

Marking Bits: (CMBitMap*) 0x0000e37c88057dd0
 Bits: [0x0000e37c8c200000, 0x0000e37c8ca00000)

Polling page: 0x0000e37c8eded000

Metaspace:

Usage:
  Non-class:      9.23 MB used.
      Class:      1.12 MB used.
       Both:     10.35 MB used.

Virtual space:
  Non-class space:       64.00 MB reserved,       9.31 MB ( 15%) committed,  1 nodes.
      Class space:        1.00 GB reserved,       1.25 MB ( <1%) committed,  1 nodes.
             Both:        1.06 GB reserved,      10.56 MB ( <1%) committed. 

Chunk freelists:
   Non-Class:  6.25 MB
       Class:  14.66 MB
        Both:  20.91 MB

MaxMetaspaceSize: unlimited
CompressedClassSpaceSize: 1.00 GB
Initial GC threshold: 21.00 MB
Current GC threshold: 21.00 MB
CDS: on
 - commit_granule_bytes: 65536.
 - commit_granule_words: 8192.
 - virtual_space_node_default_size: 8388608.
 - enlarge_chunks_in_place: 1.
 - use_allocation_guard: 0.


Internal statistics:

num_allocs_failed_limit: 0.
num_arena_births: 226.
num_arena_deaths: 0.
num_vsnodes_births: 2.
num_vsnodes_deaths: 0.
num_space_committed: 169.
num_space_uncommitted: 0.
num_chunks_returned_to_freelist: 0.
num_chunks_taken_from_freelist: 561.
num_chunk_merges: 0.
num_chunk_splits: 366.
num_chunks_enlarged: 241.
num_inconsistent_stats: 0.

CodeHeap 'non-profiled nmethods': size=120032Kb used=580Kb max_used=580Kb free=119452Kb
 bounds [0x0000e37c782c8000, 0x0000e37c78538000, 0x0000e37c7f800000]
CodeHeap 'profiled nmethods': size=120028Kb used=2916Kb max_used=2916Kb free=117111Kb
 bounds [0x0000e37c70800000, 0x0000e37c70ae0000, 0x0000e37c77d37000]
CodeHeap 'non-nmethods': size=5700Kb used=1356Kb max_used=1392Kb free=4343Kb
 bounds [0x0000e37c77d37000, 0x0000e37c77fa7000, 0x0000e37c782c8000]
CodeCache: size=245760Kb, used=4852Kb, max_used=4888Kb, free=240906Kb
 total_blobs=2094, nmethods=1575, adapters=428, full_count=0
Compilation: enabled, stopped_count=0, restarted_count=0

Compilation events (20 events):
Event: 0.790 Thread 0x0000e37c881a40c0 nmethod 1545 0x0000e37c78356190 code [0x0000e37c78356300, 0x0000e37c78356398]
Event: 0.790 Thread 0x0000e37c881a40c0 1546       1       dev.stratus.core.backup.PendingStore::access$getInstanceId$p (5 bytes)
Event: 0.790 Thread 0x0000e37c881a40c0 nmethod 1546 0x0000e37c78356490 code [0x0000e37c78356600, 0x0000e37c78356698]
Event: 0.790 Thread 0x0000e37c881a40c0 1548       3       java.lang.invoke.Invokers::checkExactType (17 bytes)
Event: 0.790 Thread 0x0000e37c881a40c0 nmethod 1548 0x0000e37c70aca910 code [0x0000e37c70acaac0, 0x0000e37c70acacd8]
Event: 0.791 Thread 0x0000e37c881a40c0 1549       3       java.lang.StackTraceElement::<init> (10 bytes)
Event: 0.791 Thread 0x0000e37c881a40c0 nmethod 1549 0x0000e37c70acae10 code [0x0000e37c70acafc0, 0x0000e37c70acb138]
Event: 0.791 Thread 0x0000e37c881a40c0 1550  s!   3       java.lang.StackTraceElement::computeFormat (71 bytes)
Event: 0.791 Thread 0x0000e37c3007f060 1553       4       kotlinx.coroutines.internal.LockFreeLinkedListNode::get_next$volatile$FU (4 bytes)
Event: 0.792 Thread 0x0000e37c3007f060 nmethod 1553 0x0000e37c78356790 code [0x0000e37c78356900, 0x0000e37c78356978]
Event: 0.792 Thread 0x0000e37c881a40c0 nmethod 1550 0x0000e37c70acb210 code [0x0000e37c70acb480, 0x0000e37c70acbd28]
Event: 0.792 Thread 0x0000e37c881a40c0 1552       3       kotlinx.coroutines.internal.LockFreeLinkedListNode::isRemoved (8 bytes)
Event: 0.792 Thread 0x0000e37c881a40c0 nmethod 1552 0x0000e37c70acc010 code [0x0000e37c70acc200, 0x0000e37c70acc6d0]
Event: 0.792 Thread 0x0000e37c881a40c0 1551       3       java.lang.StackTraceElement::isHashedInJavaBase (31 bytes)
Event: 0.792 Thread 0x0000e37c881a40c0 nmethod 1551 0x0000e37c70acc890 code [0x0000e37c70accac0, 0x0000e37c70accfa0]
Event: 0.793 Thread 0x0000e37c3007f060 1554       4       kotlinx.coroutines.internal.LockFreeLinkedListNode::get_prev$volatile$FU (4 bytes)
Event: 0.793 Thread 0x0000e37c3007f060 nmethod 1554 0x0000e37c78356a90 code [0x0000e37c78356c00, 0x0000e37c78356c78]
Event: 0.793 Thread 0x0000e37c3007f060 1555       4       kotlinx.coroutines.EventLoopImplBase::get_queue$volatile$FU (4 bytes)
Event: 0.793 Thread 0x0000e37c3007f060 nmethod 1555 0x0000e37c78356d90 code [0x0000e37c78356f00, 0x0000e37c78356f78]
Event: 0.795 Thread 0x0000e37c881a29e0 1556       4       jdk.internal.util.ReferencedKeyMap::removeStaleReferences (30 bytes)

GC Heap History (2 events):
Event: 0.544 GC heap before
{Heap before GC invocations=0 (full 0):
 garbage-first heap   total 387072K, used 19505K [0x00000000e0000000, 0x0000000100000000)
  region size 1024K, 18 young (18432K), 0 survivors (0K)
 Metaspace       used 6457K, committed 6656K, reserved 1114112K
  class space    used 810K, committed 896K, reserved 1048576K
}
Event: 0.548 GC heap after
{Heap after GC invocations=1 (full 0):
 garbage-first heap   total 387072K, used 4516K [0x00000000e0000000, 0x0000000100000000)
  region size 1024K, 3 young (3072K), 3 survivors (3072K)
 Metaspace       used 6457K, committed 6656K, reserved 1114112K
  class space    used 810K, committed 896K, reserved 1048576K
}

Dll operation events (16 events):
Event: 0.001 Attempting to load shared library /opt/java/openjdk/lib/libjava.so
Event: 0.001 Loaded shared library /opt/java/openjdk/lib/libjava.so
Event: 0.039 Attempting to load shared library /opt/java/openjdk/lib/libnio.so
Event: 0.039 Loaded shared library /opt/java/openjdk/lib/libnio.so
Event: 0.042 Attempting to load shared library /opt/java/openjdk/lib/libzip.so
Event: 0.042 Loaded shared library /opt/java/openjdk/lib/libzip.so
Event: 0.125 Attempting to load shared library /opt/java/openjdk/lib/libjimage.so
Event: 0.125 Loaded shared library /opt/java/openjdk/lib/libjimage.so
Event: 0.174 Attempting to load shared library /opt/java/openjdk/lib/libnet.so
Event: 0.174 Loaded shared library /opt/java/openjdk/lib/libnet.so
Event: 0.376 Attempting to load shared library /opt/java/openjdk/lib/libextnet.so
Event: 0.376 Loaded shared library /opt/java/openjdk/lib/libextnet.so
Event: 0.443 Attempting to load shared library /opt/java/openjdk/lib/libverify.so
Event: 0.443 Loaded shared library /opt/java/openjdk/lib/libverify.so
Event: 0.601 Attempting to load shared library /tmp/androidx_sqliteJni491398123323959816.tmp
Event: 0.601 Loaded shared library /tmp/androidx_sqliteJni491398123323959816.tmp

Deoptimization events (20 events):
Event: 0.609 Thread 0x0000e37c8802c060 Uncommon trap: trap_request=0xffffffde fr.pc=0x0000e37c7833b83c relative=0x00000000000000fc
Event: 0.609 Thread 0x0000e37c8802c060 Uncommon trap: reason=class_check action=maybe_recompile pc=0x0000e37c7833b83c method=jdk.internal.misc.Unsafe.allocateUninitializedArray(Ljava/lang/Class;I)Ljava/lang/Object; @ 51 c2
Event: 0.609 Thread 0x0000e37c8802c060 DEOPT PACKING pc=0x0000e37c7833b83c sp=0x0000e37c8d629b20
Event: 0.609 Thread 0x0000e37c8802c060 DEOPT UNPACKING pc=0x0000e37c77d7a01c sp=0x0000e37c8d629aa0 mode 2
Event: 0.612 Thread 0x0000e37c8802c060 DEOPT PACKING pc=0x0000e37c70a3ffa8 sp=0x0000e37c8d62a510
Event: 0.612 Thread 0x0000e37c8802c060 DEOPT UNPACKING pc=0x0000e37c77d79e7c sp=0x0000e37c8d62a220 mode 0
Event: 0.632 Thread 0x0000e37c8802c060 DEOPT PACKING pc=0x0000e37c70a3ffa8 sp=0x0000e37c8d62b0e0
Event: 0.632 Thread 0x0000e37c8802c060 DEOPT UNPACKING pc=0x0000e37c77d79e7c sp=0x0000e37c8d62adf0 mode 0
Event: 0.637 Thread 0x0000e37c8802c060 Uncommon trap: trap_request=0xffffffde fr.pc=0x0000e37c7831d69c relative=0x000000000000025c
Event: 0.637 Thread 0x0000e37c8802c060 Uncommon trap: reason=class_check action=maybe_recompile pc=0x0000e37c7831d69c method=java.util.HashMap.getNode(Ljava/lang/Object;)Ljava/util/HashMap$Node; @ 128 c2
Event: 0.637 Thread 0x0000e37c8802c060 DEOPT PACKING pc=0x0000e37c7831d69c sp=0x0000e37c8d62b2a0
Event: 0.637 Thread 0x0000e37c8802c060 DEOPT UNPACKING pc=0x0000e37c77d7a01c sp=0x0000e37c8d62b200 mode 2
Event: 0.653 Thread 0x0000e37c8802c060 DEOPT PACKING pc=0x0000e37c70a3ffa8 sp=0x0000e37c8d62b670
Event: 0.653 Thread 0x0000e37c8802c060 DEOPT UNPACKING pc=0x0000e37c77d79e7c sp=0x0000e37c8d62b380 mode 0
Event: 0.667 Thread 0x0000e37c8802c060 Uncommon trap: trap_request=0xffffffde fr.pc=0x0000e37c7831d69c relative=0x000000000000025c
Event: 0.667 Thread 0x0000e37c8802c060 Uncommon trap: reason=class_check action=maybe_recompile pc=0x0000e37c7831d69c method=java.util.HashMap.getNode(Ljava/lang/Object;)Ljava/util/HashMap$Node; @ 128 c2
Event: 0.667 Thread 0x0000e37c8802c060 DEOPT PACKING pc=0x0000e37c7831d69c sp=0x0000e37c8d62b1f0
Event: 0.667 Thread 0x0000e37c8802c060 DEOPT UNPACKING pc=0x0000e37c77d7a01c sp=0x0000e37c8d62b150 mode 2
Event: 0.671 Thread 0x0000e37c8802c060 DEOPT PACKING pc=0x0000e37c70a3ffa8 sp=0x0000e37c8d62b650
Event: 0.671 Thread 0x0000e37c8802c060 DEOPT UNPACKING pc=0x0000e37c77d79e7c sp=0x0000e37c8d62b360 mode 0

Classes loaded (20 events):
Event: 0.615 Loading class java/lang/invoke/VarHandleReferences$Array
Event: 0.615 Loading class java/lang/invoke/VarHandleReferences$Array done
Event: 0.669 Loading class java/util/concurrent/CancellationException
Event: 0.669 Loading class java/util/concurrent/CancellationException done
Event: 0.716 Loading class java/lang/StackTraceElement$HashedModules
Event: 0.716 Loading class java/lang/StackTraceElement$HashedModules done
Event: 0.739 Loading class jdk/internal/reflect/MethodHandleIntegerFieldAccessorImpl
Event: 0.739 Loading class jdk/internal/reflect/MethodHandleIntegerFieldAccessorImpl done
Event: 0.742 Loading class java/lang/reflect/AnnotatedType
Event: 0.742 Loading class java/lang/reflect/AnnotatedType done
Event: 0.742 Loading class jdk/internal/classfile/ClassBuilder
Event: 0.742 Loading class jdk/internal/classfile/ClassfileBuilder
Event: 0.742 Loading class jdk/internal/classfile/ClassfileBuilder done
Event: 0.742 Loading class jdk/internal/classfile/ClassBuilder done
Event: 0.742 Loading class jdk/internal/classfile/ClassElement
Event: 0.742 Loading class jdk/internal/classfile/ClassfileElement
Event: 0.742 Loading class jdk/internal/classfile/ClassfileElement done
Event: 0.742 Loading class jdk/internal/classfile/ClassElement done
Event: 0.744 Loading class java/util/ArrayDeque$DescendingIterator
Event: 0.745 Loading class java/util/ArrayDeque$DescendingIterator done

Classes unloaded (0 events):
No events

Classes redefined (0 events):
No events

Internal exceptions (20 events):
Event: 0.309 Thread 0x0000e37c8802c060 Exception <a 'java/lang/NoSuchMethodError'{0x00000000f6f7b328}: 'int java.lang.invoke.DirectMethodHandle$Holder.invokeSpecial(java.lang.Object, java.lang.Object, java.lang.Object)'> (0x00000000f6f7b328) 
thrown [src/hotspot/share/interpreter/linkResolver.cpp, line 772]
Event: 0.366 Thread 0x0000e37c8802c060 Exception <a 'java/lang/NoSuchMethodError'{0x00000000f6d5cb90}: 'java.lang.Object java.lang.invoke.DirectMethodHandle$Holder.invokeVirtual(java.lang.Object, java.lang.Object, java.lang.Object, java.lang.Object)'> (0x00000000f6d5cb90) 
thrown [src/hotspot/share/interpreter/linkResolver.cpp, line 772]
Event: 0.368 Thread 0x0000e37c8802c060 Exception <a 'java/lang/NoSuchMethodError'{0x00000000f6d6c3e8}: 'java.lang.Object java.lang.invoke.Invokers$Holder.invokeExact_MT(java.lang.Object, java.lang.Object, java.lang.Object, java.lang.Object, java.lang.Object)'> (0x00000000f6d6c3e8) 
thrown [src/hotspot/share/interpreter/linkResolver.cpp, line 772]
Event: 0.407 Thread 0x0000e37c8802c060 Exception <a 'java/lang/NoSuchMethodError'{0x00000000f6c820c0}: 'int java.lang.invoke.DirectMethodHandle$Holder.invokeStaticInit(java.lang.Object, java.lang.Object, java.lang.Object, java.lang.Object)'> (0x00000000f6c820c0) 
thrown [src/hotspot/share/interpreter/linkResolver.cpp, line 772]
Event: 0.408 Thread 0x0000e37c8802c060 Exception <a 'java/lang/IncompatibleClassChangeError'{0x00000000f6c8a338}: Found class java.lang.Object, but interface was expected> (0x00000000f6c8a338) 
thrown [src/hotspot/share/interpreter/linkResolver.cpp, line 840]
Event: 0.408 Thread 0x0000e37c8802c060 Exception <a 'java/lang/NoSuchMethodError'{0x00000000f6c8cbf0}: 'void java.lang.invoke.DirectMethodHandle$Holder.invokeStatic(java.lang.Object, java.lang.Object)'> (0x00000000f6c8cbf0) 
thrown [src/hotspot/share/interpreter/linkResolver.cpp, line 772]
Event: 0.408 Thread 0x0000e37c8802c060 Exception <a 'java/lang/NoSuchMethodError'{0x00000000f6c8fee8}: 'void java.lang.invoke.DirectMethodHandle$Holder.invokeStaticInit(java.lang.Object, java.lang.Object)'> (0x00000000f6c8fee8) 
thrown [src/hotspot/share/interpreter/linkResolver.cpp, line 772]
Event: 0.409 Thread 0x0000e37c8802c060 Exception <a 'java/lang/NoSuchMethodError'{0x00000000f6c95190}: 'int java.lang.invoke.DirectMethodHandle$Holder.invokeStaticInit(java.lang.Object, java.lang.Object)'> (0x00000000f6c95190) 
thrown [src/hotspot/share/interpreter/linkResolver.cpp, line 772]
Event: 0.452 Thread 0x0000e37c88616390 Exception <a 'java/lang/NoSuchMethodError'{0x00000000f6bbb450}: 'void java.lang.invoke.DirectMethodHandle$Holder.invokeInterface(java.lang.Object, java.lang.Object)'> (0x00000000f6bbb450) 
thrown [src/hotspot/share/interpreter/linkResolver.cpp, line 772]
Event: 0.500 Thread 0x0000e37c8802c060 Exception <a 'java/lang/IncompatibleClassChangeError'{0x00000000f674e8c0}: Found class java.lang.Object, but interface was expected> (0x00000000f674e8c0) 
thrown [src/hotspot/share/interpreter/linkResolver.cpp, line 840]
Event: 0.515 Thread 0x0000e37c8802c060 Exception <a 'java/lang/NoSuchMethodError'{0x00000000f67f07e8}: 'java.lang.Object java.lang.invoke.DirectMethodHandle$Holder.newInvokeSpecial(java.lang.Object, java.lang.Object, java.lang.Object, java.lang.Object, java.lang.Object)'> (0x00000000f67f07e8) 
thrown [src/hotspot/share/interpreter/linkResolver.cpp, line 772]
Event: 0.550 Thread 0x0000e37c8802c060 Exception <a 'java/lang/NoSuchMethodError'{0x00000000f77079c8}: 'void java.lang.invoke.DirectMethodHandle$Holder.invokeInterface(java.lang.Object, java.lang.Object, java.lang.Object, java.lang.Object)'> (0x00000000f77079c8) 
thrown [src/hotspot/share/interpreter/linkResolver.cpp, line 772]
Event: 0.550 Thread 0x0000e37c8802c060 Exception <a 'java/lang/NoSuchMethodError'{0x00000000f770bac8}: 'void java.lang.invoke.DirectMethodHandle$Holder.invokeSpecial(java.lang.Object, java.lang.Object, java.lang.Object, java.lang.Object, java.lang.Object)'> (0x00000000f770bac8) 
thrown [src/hotspot/share/interpreter/linkResolver.cpp, line 772]
Event: 0.652 Thread 0x0000e37c8802c060 Exception <a 'java/lang/NoSuchMethodError'{0x00000000f72b40b8}: 'long java.lang.invoke.DirectMethodHandle$Holder.invokeStatic(java.lang.Object, java.lang.Object)'> (0x00000000f72b40b8) 
thrown [src/hotspot/share/interpreter/linkResolver.cpp, line 772]
Event: 0.678 Thread 0x0000e37c8802c060 Exception <a 'java/lang/NoSuchMethodError'{0x00000000f709f798}: 'java.lang.Object java.lang.invoke.DirectMethodHandle$Holder.invokeStaticInit(java.lang.Object, java.lang.Object, java.lang.Object)'> (0x00000000f709f798) 
thrown [src/hotspot/share/interpreter/linkResolver.cpp, line 772]
Event: 0.686 Thread 0x0000e37c8802c060 Exception <a 'java/lang/NoSuchMethodError'{0x00000000f6f171d8}: 'void java.lang.invoke.DirectMethodHandle$Holder.invokeStatic(java.lang.Object, java.lang.Object, java.lang.Object)'> (0x00000000f6f171d8) 
thrown [src/hotspot/share/interpreter/linkResolver.cpp, line 772]
Event: 0.692 Thread 0x0000e37c8802c060 Exception <a 'java/lang/NoSuchMethodError'{0x00000000f6f7fb90}: 'java.lang.Object java.lang.invoke.DirectMethodHandle$Holder.newInvokeSpecial(java.lang.Object, java.lang.Object, long, java.lang.Object, java.lang.Object, java.lang.Object)'> (0x00000000f6f7fb90) 
thrown [src/hotspot/share/interpreter/linkResolver.cpp, line 772]
Event: 0.740 Thread 0x0000e37c8802c060 Exception <a 'java/lang/NoSuchMethodError'{0x00000000f6b88b00}: 'void java.lang.invoke.DelegatingMethodHandle$Holder.reinvoke_L(java.lang.Object, java.lang.Object, int)'> (0x00000000f6b88b00) 
thrown [src/hotspot/share/interpreter/linkResolver.cpp, line 772]
Event: 0.741 Thread 0x0000e37c8802c060 Exception <a 'java/lang/NoSuchMethodError'{0x00000000f6b8f6a0}: 'int java.lang.invoke.Invokers$Holder.invokeExact_MT(java.lang.Object, java.lang.Object, java.lang.Object)'> (0x00000000f6b8f6a0) 
thrown [src/hotspot/share/interpreter/linkResolver.cpp, line 772]
Event: 0.743 Thread 0x0000e37c8802c060 Exception <a 'java/lang/NoSuchMethodError'{0x00000000f6bab580}: 'int java.lang.invoke.DirectMethodHandle$Holder.invokeStatic(java.lang.Object)'> (0x00000000f6bab580) 
thrown [src/hotspot/share/interpreter/linkResolver.cpp, line 772]

ZGC Phase Switch (0 events):
No events

VM Operations (20 events):
Event: 0.354 Executing non-safepoint VM operation: HandshakeAllThreads (Deoptimize)
Event: 0.355 Executing non-safepoint VM operation: HandshakeAllThreads (Deoptimize) done
Event: 0.363 Executing non-safepoint VM operation: HandshakeAllThreads (Deoptimize)
Event: 0.363 Executing non-safepoint VM operation: HandshakeAllThreads (Deoptimize) done
Event: 0.365 Executing non-safepoint VM operation: HandshakeAllThreads (Deoptimize)
Event: 0.365 Executing non-safepoint VM operation: HandshakeAllThreads (Deoptimize) done
Event: 0.397 Executing safepoint VM operation: ICBufferFull
Event: 0.398 Executing safepoint VM operation: ICBufferFull done
Event: 0.435 Executing non-safepoint VM operation: HandshakeAllThreads (Deoptimize)
Event: 0.435 Executing non-safepoint VM operation: HandshakeAllThreads (Deoptimize) done
Event: 0.435 Executing non-safepoint VM operation: HandshakeAllThreads (Deoptimize)
Event: 0.435 Executing non-safepoint VM operation: HandshakeAllThreads (Deoptimize) done
Event: 0.463 Executing non-safepoint VM operation: HandshakeAllThreads (Deoptimize)
Event: 0.463 Executing non-safepoint VM operation: HandshakeAllThreads (Deoptimize) done
Event: 0.471 Executing non-safepoint VM operation: HandshakeAllThreads (Deoptimize)
Event: 0.471 Executing non-safepoint VM operation: HandshakeAllThreads (Deoptimize) done
Event: 0.471 Executing non-safepoint VM operation: HandshakeAllThreads (Deoptimize)
Event: 0.471 Executing non-safepoint VM operation: HandshakeAllThreads (Deoptimize) done
Event: 0.544 Executing safepoint VM operation: G1CollectForAllocation (G1 Evacuation Pause)
Event: 0.548 Executing safepoint VM operation: G1CollectForAllocation (G1 Evacuation Pause) done

Memory protections (18 events):
Event: 0.001 Protecting memory [0x0000e37c8d432000,0x0000e37c8d436000] with protection modes 0
Event: 0.030 Protecting memory [0x0000e37c611de000,0x0000e37c611e2000] with protection modes 0
Event: 0.030 Protecting memory [0x0000e37c60fe0000,0x0000e37c60fe4000] with protection modes 0
Event: 0.030 Protecting memory [0x0000e37c60de2000,0x0000e37c60de6000] with protection modes 0
Event: 0.030 Protecting memory [0x0000e37c60be4000,0x0000e37c60be8000] with protection modes 0
Event: 0.030 Protecting memory [0x0000e37c609e6000,0x0000e37c609ea000] with protection modes 0
Event: 0.030 Protecting memory [0x0000e37c607e8000,0x0000e37c607ec000] with protection modes 0
Event: 0.031 Protecting memory [0x0000e37c605ea000,0x0000e37c605ee000] with protection modes 0
Event: 0.037 Protecting memory [0x0000e37c603ec000,0x0000e37c603f0000] with protection modes 0
Event: 0.038 Protecting memory [0x0000e37c601ee000,0x0000e37c601f2000] with protection modes 0
Event: 0.052 Protecting memory [0x0000e37c27e02000,0x0000e37c27e06000] with protection modes 0
Event: 0.436 Protecting memory [0x0000e37c27c04000,0x0000e37c27c08000] with protection modes 0
Event: 0.449 Protecting memory [0x0000e37c27a06000,0x0000e37c27a0a000] with protection modes 0
Event: 0.450 Protecting memory [0x0000e37c27808000,0x0000e37c2780c000] with protection modes 0
Event: 0.691 Protecting memory [0x0000e37c26df2000,0x0000e37c26df6000] with protection modes 0
Event: 0.699 Protecting memory [0x0000e37c26bf4000,0x0000e37c26bf8000] with protection modes 0
Event: 0.699 Protecting memory [0x0000e37c269f6000,0x0000e37c269fa000] with protection modes 0
Event: 0.795 Protecting memory [0x0000e37c267f8000,0x0000e37c267fc000] with protection modes 0

Nmethod flushes (0 events):
No events

Events (19 events):
Event: 0.019 Thread 0x0000e37c8802c060 Thread added: 0x0000e37c8802c060
Event: 0.030 Thread 0x0000e37c8802c060 Thread added: 0x0000e37c8819b520
Event: 0.030 Thread 0x0000e37c8802c060 Thread added: 0x0000e37c8819cb20
Event: 0.030 Thread 0x0000e37c8802c060 Thread added: 0x0000e37c8819e2d0
Event: 0.030 Thread 0x0000e37c8802c060 Thread added: 0x0000e37c8819f930
Event: 0.030 Thread 0x0000e37c8802c060 Thread added: 0x0000e37c881a0ef0
Event: 0.030 Thread 0x0000e37c8802c060 Thread added: 0x0000e37c881a29e0
Event: 0.031 Thread 0x0000e37c8802c060 Thread added: 0x0000e37c881a40c0
Event: 0.037 Thread 0x0000e37c8802c060 Thread added: 0x0000e37c881d06f0
Event: 0.038 Thread 0x0000e37c8802c060 Thread added: 0x0000e37c881d39d0
Event: 0.052 Thread 0x0000e37c881a29e0 Thread added: 0x0000e37c3007f060
Event: 0.436 Thread 0x0000e37c8802c060 Thread added: 0x0000e37c88616390
Event: 0.449 Thread 0x0000e37c8802c060 Thread added: 0x0000e37c8862d810
Event: 0.450 Thread 0x0000e37c8802c060 Thread added: 0x0000e37c88632b30
Event: 0.691 Thread 0x0000e37c8802c060 Thread added: 0x0000e37c88851610
Event: 0.699 Thread 0x0000e37c8802c060 Thread added: 0x0000e37c8885d2b0
Event: 0.699 Thread 0x0000e37c8802c060 Thread added: 0x0000e37c8885ded0
Event: 0.795 Thread 0x0000e37c8885d2b0 Thread added: 0x0000e37c04037ee0
Event: 0.795 Thread 0x0000e37c8885d2b0 Thread added: 0x0000e37c040389d0


Dynamic libraries:
e0000000-f7800000 rw-p 00000000 00:00 0 
f7800000-ffe00000 ---p 00000000 00:00 0 
ffe00000-fff0d000 rw-p 00d00000 00:a0 3148549                            /opt/java/openjdk/lib/server/classes.jsa
fff0d000-100000000 rw-p 00000000 00:00 0 
8000000000-8000490000 rw-p 00010000 00:a0 3148549                        /opt/java/openjdk/lib/server/classes.jsa
8000490000-8000cb0000 rw-p 004a0000 00:a0 3148549                        /opt/java/openjdk/lib/server/classes.jsa
8000cb0000-8001000000 ---p 00000000 00:00 0 
8001000000-8001040000 rw-p 00000000 00:00 0 
8001040000-80010c0000 rw-p 00000000 00:00 0 
80010c0000-80010e0000 rw-p 00000000 00:00 0 
80010e0000-8001100000 ---p 00000000 00:00 0 
8001100000-8001160000 rw-p 00000000 00:00 0 
8001160000-8041000000 ---p 00000000 00:00 0 
c3a9e6ea0000-c3a9e6ea1000 r-xp 00000000 00:a0 3147208                    /opt/java/openjdk/bin/java
c3a9e6ebf000-c3a9e6ec0000 r--p 0000f000 00:a0 3147208                    /opt/java/openjdk/bin/java
c3a9e6ec0000-c3a9e6ec1000 rw-p 00010000 00:a0 3147208                    /opt/java/openjdk/bin/java
c3aa188cd000-c3aa18901000 rw-p 00000000 00:00 0                          [heap]
e37bf0000000-e37bf0021000 rw-p 00000000 00:00 0 
e37bf0021000-e37bf4000000 ---p 00000000 00:00 0 
e37bf8000000-e37bf8021000 rw-p 00000000 00:00 0 
e37bf8021000-e37bfc000000 ---p 00000000 00:00 0 
e37bfc000000-e37bfc047000 rw-p 00000000 00:00 0 
e37bfc047000-e37c00000000 ---p 00000000 00:00 0 
e37c00000000-e37c00021000 rw-p 00000000 00:00 0 
e37c00021000-e37c04000000 ---p 00000000 00:00 0 
e37c04000000-e37c0403c000 rw-p 00000000 00:00 0 
e37c0403c000-e37c08000000 ---p 00000000 00:00 0 
e37c08000000-e37c08021000 rw-p 00000000 00:00 0 
e37c08021000-e37c0c000000 ---p 00000000 00:00 0 
e37c0c000000-e37c0c021000 rw-p 00000000 00:00 0 
e37c0c021000-e37c10000000 ---p 00000000 00:00 0 
e37c10000000-e37c10021000 rw-p 00000000 00:00 0 
e37c10021000-e37c14000000 ---p 00000000 00:00 0 
e37c14000000-e37c14021000 rw-p 00000000 00:00 0 
e37c14021000-e37c18000000 ---p 00000000 00:00 0 
e37c18000000-e37c18021000 rw-p 00000000 00:00 0 
e37c18021000-e37c1c000000 ---p 00000000 00:00 0 
e37c1c000000-e37c1c021000 rw-p 00000000 00:00 0 
e37c1c021000-e37c20000000 ---p 00000000 00:00 0 
e37c20000000-e37c20392000 rw-p 00000000 00:00 0 
e37c20392000-e37c24000000 ---p 00000000 00:00 0 
e37c2612d000-e37c265fa000 rw-p 00000000 00:00 0 
e37c265fa000-e37c265fe000 ---p 00000000 00:00 0 
e37c265fe000-e37c267f8000 rw-p 00000000 00:00 0 
e37c267f8000-e37c267fc000 ---p 00000000 00:00 0 
e37c267fc000-e37c269f6000 rw-p 00000000 00:00 0 
e37c269f6000-e37c269fa000 ---p 00000000 00:00 0 
e37c269fa000-e37c26bf4000 rw-p 00000000 00:00 0 
e37c26bf4000-e37c26bf8000 ---p 00000000 00:00 0 
e37c26bf8000-e37c26df2000 rw-p 00000000 00:00 0 
e37c26df2000-e37c26df6000 ---p 00000000 00:00 0 
e37c26df6000-e37c26ff0000 rw-p 00000000 00:00 0 
e37c26ff0000-e37c27036000 r--p 00000000 00:a0 3409657                    /tmp/androidx_sqliteJni491398123323959816.tmp
e37c27036000-e37c27045000 ---p 00046000 00:a0 3409657                    /tmp/androidx_sqliteJni491398123323959816.tmp
e37c27045000-e37c271b4000 r-xp 00045000 00:a0 3409657                    /tmp/androidx_sqliteJni491398123323959816.tmp
e37c271b4000-e37c271c3000 ---p 001c4000 00:a0 3409657                    /tmp/androidx_sqliteJni491398123323959816.tmp
e37c271c3000-e37c271c6000 r--p 001b3000 00:a0 3409657                    /tmp/androidx_sqliteJni491398123323959816.tmp
e37c271c6000-e37c271d5000 ---p 001d6000 00:a0 3409657                    /tmp/androidx_sqliteJni491398123323959816.tmp
e37c271d5000-e37c271da000 rw-p 001b5000 00:a0 3409657                    /tmp/androidx_sqliteJni491398123323959816.tmp
e37c271da000-e37c271db000 rw-p 00000000 00:00 0 
e37c271de000-e37c271ee000 ---p 00000000 00:00 0 
e37c271ee000-e37c273ec000 rw-p 00000000 00:00 0 
e37c273ec000-e37c273fc000 ---p 00000000 00:00 0 
e37c273fc000-e37c275fa000 rw-p 00000000 00:00 0 
e37c275fa000-e37c2760a000 ---p 00000000 00:00 0 
e37c2760a000-e37c27808000 rw-p 00000000 00:00 0 
e37c27808000-e37c2780c000 ---p 00000000 00:00 0 
e37c2780c000-e37c27a06000 rw-p 00000000 00:00 0 
e37c27a06000-e37c27a0a000 ---p 00000000 00:00 0 
e37c27a0a000-e37c27c04000 rw-p 00000000 00:00 0 
e37c27c04000-e37c27c08000 ---p 00000000 00:00 0 
e37c27c08000-e37c27e02000 rw-p 00000000 00:00 0 
e37c27e02000-e37c27e06000 ---p 00000000 00:00 0 
e37c27e06000-e37c28000000 rw-p 00000000 00:00 0 
e37c28000000-e37c28021000 rw-p 00000000 00:00 0 
e37c28021000-e37c2c000000 ---p 00000000 00:00 0 
e37c2c000000-e37c2c021000 rw-p 00000000 00:00 0 
e37c2c021000-e37c30000000 ---p 00000000 00:00 0 
e37c30000000-e37c30305000 rw-p 00000000 00:00 0 
e37c30305000-e37c34000000 ---p 00000000 00:00 0 
e37c34000000-e37c342b0000 rw-p 00000000 00:00 0 
e37c342b0000-e37c38000000 ---p 00000000 00:00 0 
e37c38000000-e37c38021000 rw-p 00000000 00:00 0 
e37c38021000-e37c3c000000 ---p 00000000 00:00 0 
e37c3c000000-e37c3c021000 rw-p 00000000 00:00 0 
e37c3c021000-e37c40000000 ---p 00000000 00:00 0 
e37c40000000-e37c40021000 rw-p 00000000 00:00 0 
e37c40021000-e37c44000000 ---p 00000000 00:00 0 
e37c44000000-e37c44021000 rw-p 00000000 00:00 0 
e37c44021000-e37c48000000 ---p 00000000 00:00 0 
e37c48000000-e37c48021000 rw-p 00000000 00:00 0 
e37c48021000-e37c4c000000 ---p 00000000 00:00 0 
e37c4c000000-e37c4c021000 rw-p 00000000 00:00 0 
e37c4c021000-e37c50000000 ---p 00000000 00:00 0 
e37c50000000-e37c50390000 rw-p 00000000 00:00 0 
e37c50390000-e37c50400000 ---p 00000000 00:00 0 
e37c50400000-e37c509c0000 rw-p 00000000 00:00 0 
e37c509c0000-e37c54000000 ---p 00000000 00:00 0 
e37c54000000-e37c54021000 rw-p 00000000 00:00 0 
e37c54021000-e37c58000000 ---p 00000000 00:00 0 
e37c58000000-e37c58021000 rw-p 00000000 00:00 0 
e37c58021000-e37c5c000000 ---p 00000000 00:00 0 
e37c5c000000-e37c5c021000 rw-p 00000000 00:00 0 
e37c5c021000-e37c60000000 ---p 00000000 00:00 0 
e37c601ee000-e37c601f2000 ---p 00000000 00:00 0 
e37c601f2000-e37c603ec000 rw-p 00000000 00:00 0 
e37c603ec000-e37c603f0000 ---p 00000000 00:00 0 
e37c603f0000-e37c605ea000 rw-p 00000000 00:00 0 
e37c605ea000-e37c605ee000 ---p 00000000 00:00 0 
e37c605ee000-e37c607e8000 rw-p 00000000 00:00 0 
e37c607e8000-e37c607ec000 ---p 00000000 00:00 0 
e37c607ec000-e37c609e6000 rw-p 00000000 00:00 0 
e37c609e6000-e37c609ea000 ---p 00000000 00:00 0 
e37c609ea000-e37c60be4000 rw-p 00000000 00:00 0 
e37c60be4000-e37c60be8000 ---p 00000000 00:00 0 
e37c60be8000-e37c60de2000 rw-p 00000000 00:00 0 
e37c60de2000-e37c60de6000 ---p 00000000 00:00 0 
e37c60de6000-e37c60fe0000 rw-p 00000000 00:00 0 
e37c60fe0000-e37c60fe4000 ---p 00000000 00:00 0 
e37c60fe4000-e37c611de000 rw-p 00000000 00:00 0 
e37c611de000-e37c611e2000 ---p 00000000 00:00 0 
e37c611e2000-e37c613dc000 rw-p 00000000 00:00 0 
e37c613dc000-e37c616c7000 r--p 00000000 00:a0 2968118                    /usr/lib/locale/locale-archive
e37c616c7000-e37c616d7000 ---p 00000000 00:00 0 
e37c616d7000-e37c618d5000 rw-p 00000000 00:00 0 
e37c618d5000-e37c618e5000 ---p 00000000 00:00 0 
e37c618e5000-e37c61ae3000 rw-p 00000000 00:00 0 
e37c61ae3000-e37c61af3000 ---p 00000000 00:00 0 
e37c61af3000-e37c61cf1000 rw-p 00000000 00:00 0 
e37c61cf1000-e37c61d01000 ---p 00000000 00:00 0 
e37c61d01000-e37c61eff000 rw-p 00000000 00:00 0 
e37c61eff000-e37c64021000 rw-p 00000000 00:00 0 
e37c64021000-e37c68000000 ---p 00000000 00:00 0 
e37c68000000-e37c68021000 rw-p 00000000 00:00 0 
e37c68021000-e37c6c000000 ---p 00000000 00:00 0 
e37c6c000000-e37c6c021000 rw-p 00000000 00:00 0 
e37c6c021000-e37c70000000 ---p 00000000 00:00 0 
e37c70070000-e37c7007c000 r-xp 00000000 00:a0 3148538                    /opt/java/openjdk/lib/libverify.so
e37c7007c000-e37c7008e000 ---p 0000c000 00:a0 3148538                    /opt/java/openjdk/lib/libverify.so
e37c7008e000-e37c70090000 r--p 0000e000 00:a0 3148538                    /opt/java/openjdk/lib/libverify.so
e37c70090000-e37c70091000 rw-p 00010000 00:a0 3148538                    /opt/java/openjdk/lib/libverify.so
e37c700a0000-e37c700ba000 r-xp 00000000 00:a0 3148539                    /opt/java/openjdk/lib/libzip.so
e37c700ba000-e37c700cf000 ---p 0001a000 00:a0 3148539                    /opt/java/openjdk/lib/libzip.so
e37c700cf000-e37c700d0000 r--p 0001f000 00:a0 3148539                    /opt/java/openjdk/lib/libzip.so
e37c700d0000-e37c700d1000 rw-p 00020000 00:a0 3148539                    /opt/java/openjdk/lib/libzip.so
e37c700d5000-e37c701d6000 rw-p 00000000 00:00 0 
e37c701d6000-e37c701e6000 ---p 00000000 00:00 0 
e37c701e6000-e37c703e4000 rw-p 00000000 00:00 0 
e37c703e4000-e37c703f4000 ---p 00000000 00:00 0 
e37c703f4000-e37c705f2000 rw-p 00000000 00:00 0 
e37c705f2000-e37c70602000 ---p 00000000 00:00 0 
e37c70602000-e37c70800000 rw-p 00000000 00:00 0 
e37c70800000-e37c70ae0000 rwxp 00000000 00:00 0 
e37c70ae0000-e37c77d37000 ---p 00000000 00:00 0 
e37c77d37000-e37c77fa7000 rwxp 00000000 00:00 0 
e37c77fa7000-e37c782c8000 ---p 00000000 00:00 0 
e37c782c8000-e37c78538000 rwxp 00000000 00:00 0 
e37c78538000-e37c7f800000 ---p 00000000 00:00 0 
e37c7f810000-e37c7f812000 r-xp 00000000 00:a0 3148508                    /opt/java/openjdk/lib/libextnet.so
e37c7f812000-e37c7f82f000 ---p 00002000 00:a0 3148508                    /opt/java/openjdk/lib/libextnet.so
e37c7f82f000-e37c7f830000 r--p 0000f000 00:a0 3148508                    /opt/java/openjdk/lib/libextnet.so
e37c7f830000-e37c7f831000 rw-p 00010000 00:a0 3148508                    /opt/java/openjdk/lib/libextnet.so
e37c7f832000-e37c88000000 r--s 00000000 00:a0 3148540                    /opt/java/openjdk/lib/modules
e37c88000000-e37c889ac000 rw-p 00000000 00:00 0 
e37c889ac000-e37c8c000000 ---p 00000000 00:00 0 
e37c8c010000-e37c8c01c000 r-xp 00000000 00:a0 3148530                    /opt/java/openjdk/lib/libnet.so
e37c8c01c000-e37c8c02f000 ---p 0000c000 00:a0 3148530                    /opt/java/openjdk/lib/libnet.so
e37c8c02f000-e37c8c030000 r--p 0000f000 00:a0 3148530                    /opt/java/openjdk/lib/libnet.so
e37c8c030000-e37c8c031000 rw-p 00010000 00:a0 3148530                    /opt/java/openjdk/lib/libnet.so
e37c8c040000-e37c8c054000 r-xp 00000000 00:a0 3148531                    /opt/java/openjdk/lib/libnio.so
e37c8c054000-e37c8c06f000 ---p 00014000 00:a0 3148531                    /opt/java/openjdk/lib/libnio.so
e37c8c06f000-e37c8c070000 r--p 0001f000 00:a0 3148531                    /opt/java/openjdk/lib/libnio.so
e37c8c070000-e37c8c071000 rw-p 00020000 00:a0 3148531                    /opt/java/openjdk/lib/libnio.so
e37c8c07e000-e37c8c7e0000 rw-p 00000000 00:00 0 
e37c8c7e0000-e37c8c9f8000 ---p 00000000 00:00 0 
e37c8c9f8000-e37c8ca00000 rw-p 00000000 00:00 0 
e37c8ca27000-e37c8cc92000 rw-p 00000000 00:00 0 
e37c8cc92000-e37c8ccd5000 ---p 00000000 00:00 0 
e37c8ccd5000-e37c8cd92000 rw-p 00000000 00:00 0 
e37c8cd92000-e37c8cdd5000 ---p 00000000 00:00 0 
e37c8cdd5000-e37c8d1df000 rw-p 00000000 00:00 0 
e37c8d1df000-e37c8d2c5000 ---p 00000000 00:00 0 
e37c8d2c5000-e37c8d2cb000 rw-p 00000000 00:00 0 
e37c8d2cb000-e37c8d3b0000 ---p 00000000 00:00 0 
e37c8d3b0000-e37c8d3d2000 r-xp 00000000 00:a0 3148516                    /opt/java/openjdk/lib/libjava.so
e37c8d3d2000-e37c8d3ef000 ---p 00022000 00:a0 3148516                    /opt/java/openjdk/lib/libjava.so
e37c8d3ef000-e37c8d3f0000 r--p 0002f000 00:a0 3148516                    /opt/java/openjdk/lib/libjava.so
e37c8d3f0000-e37c8d3f1000 rw-p 00030000 00:a0 3148516                    /opt/java/openjdk/lib/libjava.so
e37c8d3f1000-e37c8d3f2000 rw-p 00000000 00:00 0 
e37c8d400000-e37c8d41b000 r-xp 00000000 00:a0 3148520                    /opt/java/openjdk/lib/libjimage.so
e37c8d41b000-e37c8d42e000 ---p 0001b000 00:a0 3148520                    /opt/java/openjdk/lib/libjimage.so
e37c8d42e000-e37c8d430000 r--p 0001e000 00:a0 3148520                    /opt/java/openjdk/lib/libjimage.so
e37c8d430000-e37c8d431000 rw-p 00020000 00:a0 3148520                    /opt/java/openjdk/lib/libjimage.so
e37c8d432000-e37c8d436000 ---p 00000000 00:00 0 
e37c8d436000-e37c8d630000 rw-p 00000000 00:00 0 
e37c8d630000-e37c8d6b5000 r-xp 00000000 00:a0 2964167                    /usr/lib/aarch64-linux-gnu/libm.so.6
e37c8d6b5000-e37c8d6cf000 ---p 00085000 00:a0 2964167                    /usr/lib/aarch64-linux-gnu/libm.so.6
e37c8d6cf000-e37c8d6d0000 r--p 0008f000 00:a0 2964167                    /usr/lib/aarch64-linux-gnu/libm.so.6
e37c8d6d0000-e37c8d6d1000 rw-p 00090000 00:a0 2964167                    /usr/lib/aarch64-linux-gnu/libm.so.6
e37c8d6e0000-e37c8d6e1000 r-xp 00000000 00:a0 2964255                    /usr/lib/aarch64-linux-gnu/librt.so.1
e37c8d6e1000-e37c8d6ff000 ---p 00001000 00:a0 2964255                    /usr/lib/aarch64-linux-gnu/librt.so.1
e37c8d6ff000-e37c8d700000 r--p 0000f000 00:a0 2964255                    /usr/lib/aarch64-linux-gnu/librt.so.1
e37c8d700000-e37c8d701000 rw-p 00010000 00:a0 2964255                    /usr/lib/aarch64-linux-gnu/librt.so.1
e37c8d710000-e37c8e9ab000 r-xp 00000000 00:a0 3148552                    /opt/java/openjdk/lib/server/libjvm.so
e37c8e9ab000-e37c8e9c2000 ---p 0129b000 00:a0 3148552                    /opt/java/openjdk/lib/server/libjvm.so
e37c8e9c2000-e37c8eaa0000 r--p 012a2000 00:a0 3148552                    /opt/java/openjdk/lib/server/libjvm.so
e37c8eaa0000-e37c8ead2000 rw-p 01380000 00:a0 3148552                    /opt/java/openjdk/lib/server/libjvm.so
e37c8ead2000-e37c8eb57000 rw-p 00000000 00:00 0 
e37c8eb60000-e37c8ecfa000 r-xp 00000000 00:a0 2964055                    /usr/lib/aarch64-linux-gnu/libc.so.6
e37c8ecfa000-e37c8ed0d000 ---p 0019a000 00:a0 2964055                    /usr/lib/aarch64-linux-gnu/libc.so.6
e37c8ed0d000-e37c8ed10000 r--p 0019d000 00:a0 2964055                    /usr/lib/aarch64-linux-gnu/libc.so.6
e37c8ed10000-e37c8ed12000 rw-p 001a0000 00:a0 2964055                    /usr/lib/aarch64-linux-gnu/libc.so.6
e37c8ed12000-e37c8ed1e000 rw-p 00000000 00:00 0 
e37c8ed20000-e37c8ed21000 r-xp 00000000 00:a0 2964089                    /usr/lib/aarch64-linux-gnu/libdl.so.2
e37c8ed21000-e37c8ed3f000 ---p 00001000 00:a0 2964089                    /usr/lib/aarch64-linux-gnu/libdl.so.2
e37c8ed3f000-e37c8ed40000 r--p 0000f000 00:a0 2964089                    /usr/lib/aarch64-linux-gnu/libdl.so.2
e37c8ed40000-e37c8ed41000 rw-p 00010000 00:a0 2964089                    /usr/lib/aarch64-linux-gnu/libdl.so.2
e37c8ed50000-e37c8ed51000 r-xp 00000000 00:a0 2964251                    /usr/lib/aarch64-linux-gnu/libpthread.so.0
e37c8ed51000-e37c8ed6f000 ---p 00001000 00:a0 2964251                    /usr/lib/aarch64-linux-gnu/libpthread.so.0
e37c8ed6f000-e37c8ed70000 r--p 0000f000 00:a0 2964251                    /usr/lib/aarch64-linux-gnu/libpthread.so.0
e37c8ed70000-e37c8ed71000 rw-p 00010000 00:a0 2964251                    /usr/lib/aarch64-linux-gnu/libpthread.so.0
e37c8ed74000-e37c8ed79000 rw-p 00000000 00:00 0 
e37c8ed79000-e37c8ed80000 ---p 00000000 00:00 0 
e37c8ed80000-e37c8ed98000 r-xp 00000000 00:a0 3148521                    /opt/java/openjdk/lib/libjli.so
e37c8ed98000-e37c8edaf000 ---p 00018000 00:a0 3148521                    /opt/java/openjdk/lib/libjli.so
e37c8edaf000-e37c8edb0000 r--p 0001f000 00:a0 3148521                    /opt/java/openjdk/lib/libjli.so
e37c8edb0000-e37c8edb1000 rw-p 00020000 00:a0 3148521                    /opt/java/openjdk/lib/libjli.so
e37c8edb3000-e37c8edba000 r--s 00000000 00:a0 2963978                    /usr/lib/aarch64-linux-gnu/gconv/gconv-modules.cache
e37c8edba000-e37c8ede1000 r-xp 00000000 00:a0 2964001                    /usr/lib/aarch64-linux-gnu/ld-linux-aarch64.so.1
e37c8ede3000-e37c8eded000 rw-p 00000000 00:00 0 
e37c8eded000-e37c8edee000 ---p 00000000 00:00 0 
e37c8edee000-e37c8edef000 r--p 00000000 00:00 0 
e37c8edef000-e37c8edf0000 ---p 00000000 00:00 0 
e37c8edf0000-e37c8edf2000 rw-p 00000000 00:00 0 
e37c8edf2000-e37c8edf6000 r--p 00000000 00:00 0                          [vvar]
e37c8edf6000-e37c8edf8000 r-xp 00000000 00:00 0                          [vdso]
e37c8edf8000-e37c8edfa000 r--p 0002e000 00:a0 2964001                    /usr/lib/aarch64-linux-gnu/ld-linux-aarch64.so.1
e37c8edfa000-e37c8edfc000 rw-p 00030000 00:a0 2964001                    /usr/lib/aarch64-linux-gnu/ld-linux-aarch64.so.1
fffff5b44000-fffff5b65000 rw-p 00000000 00:00 0                          [stack]
Total number of mappings: 239

JVMTI agents: none


VM Arguments:
jvm_args: -Dorg.gradle.internal.worker.tmpdir=/src/core/build/tmp/jvmTest/work -Xmx512m -Dfile.encoding=UTF-8 -Duser.country=US -Duser.language=en -Duser.variant -ea 
java_command: worker.org.gradle.process.internal.worker.GradleWorkerMain 'Gradle Test Executor 1'
java_class_path (initial): /gradle/caches/9.7.1/workerMain/gradle-worker.jar:/src/core/build/classes/kotlin/jvm/test:/src/core/build/classes/kotlin/jvm/main:/gradle/caches/modules-2/files-2.1/org.jetbrains.kotlin/kotlin-test-junit/2.4.20/7eb3289e802e4c6cdba3ad5488d125b8d74ed396/kotlin-test-junit-2.4.20.jar:/gradle/caches/modules-2/files-2.1/org.jetbrains.kotlin/kotlin-test/2.4.20/ccb0e2baa3fa3a572a753019ce0be5889c587803/kotlin-test-2.4.20.jar:/gradle/caches/modules-2/files-2.1/io.ktor/ktor-client-mock-jvm/3.5.2/2f0305f812b9c4e2c01416104406068148643aad/ktor-client-mock-jvm-3.5.2.jar:/gradle/caches/modules-2/files-2.1/io.ktor/ktor-client-cio-jvm/3.5.2/cd0673816e97d9a658efae6892cf9f93df2591f1/ktor-client-cio-jvm-3.5.2.jar:/gradle/caches/modules-2/files-2.1/io.ktor/ktor-client-core-jvm/3.5.2/d6525cc26aa12e341b14a37dea698fcb4eca54cb/ktor-client-core-jvm-3.5.2.jar:/gradle/caches/modules-2/files-2.1/org.jetbrains.kotlinx/kotlinx-coroutines-slf4j/1.11.0/556153d93573d016dd4e5df37e3d03d07d8d303/kotlinx-coroutines-slf4j-1.11.0.jar:/gradle/caches/modules-2/files-2.1/org.jetbrains.kotlinx/kotlinx-coroutines-test-jvm/1.11.0/1dfe8ce2b805d913922f283b386895bd0979dfcb/kotlinx-coroutines-test-jvm-1.11.0.jar:/gradle/caches/modules-2/files-2.1/io.ktor/ktor-http-cio-jvm/3.5.2/4d8f22cce83a2c865e0d3e64d4abfd4ea13a8e6c/ktor-http-cio-jvm-3.5.2.jar:/gradle/caches/modules-2/files-2.1/io.ktor/ktor-websocket-serialization-jvm/3.5.2/d391929e7082af2e6f0cddcf7df4b8f934b0a297/ktor-websocket-serialization-jvm-3.5.2.jar:/gradle/caches/modules-2/files-2.1/io.ktor/ktor-serialization-jvm/3.5.2/beed828bb6d5388782ee3d7ab9e17f19888a60a9/ktor-serialization-jvm-3.5.2.jar:/gradle/caches/modules-2/files-2.1/io.ktor/ktor-websockets-jvm/3.5.2/9906c60d014018f83dd0f4f6eff306956dc1fe09/ktor-websockets-jvm-3.5.2.jar:/gradle/caches/modules-2/files-2.1/io.ktor/ktor-network-tls-jvm/3.5.2/893f2bffbb2308e2fca22ec9b35a72ce3e3f8738/ktor-network-tls-jvm-3.5.2.jar:/gradle/caches/modules-2/files-2.1/io.ktor/ktor-http-jvm/3.5.2/d28bf8120efdc33354d91d99c0842187759e3c70/ktor-http-jvm-3.5.2.jar:/gradle/caches/modules-2/files-2.1/io.ktor/ktor-events-jvm/3.5.2/5e64959ec6f91dff8ea281cfa102ae73bce000f7/ktor-events-jvm-3.5.2.jar:/gradle/caches/modules-2/files-2.1/io.ktor/ktor-sse-jvm/3.5.2/84a9273210b25e32403252149f7bcd16b7ab9fbb/ktor-sse-jvm-3.5.2.jar:/gradle/caches/modules-2/files-2.1/io.ktor/ktor-network-jvm/3.5.2/1d4a6deadcc3a30de665ea26f98eea3fc52750bb/ktor-network-jvm-3.5.2.jar:/gradle/caches/modules-2/files-2.1/io.ktor/ktor-utils-jvm/3.5.2/dc58dadecf1646d013ba0dda5dffab0b71a3fefd/ktor-utils-jvm-3.5.2.jar:/gradle/caches/modules-2/files-2.1/io.ktor/ktor-io-jvm/3.5.2/b27620278e10b206310a22b9303c5274f239872d/ktor-io-jvm-3.5.2.jar:/gradle/caches/modules-2/files-2.1/org.jetbrains.kotlinx/kotlinx-coroutines-core-jvm/1.11.0/3d57dc678bd8d72a60e7adf0eca5c54e3f4f4b79/kotlinx-coroutines-core-jvm-1.11.0.jar:/gradle/caches/modules-2/files-2.1/io.github.pdvrieze.xmlutil/core-jvm/1.0.2/5f6938c9d9cb2a3c3d116c3b91034d3bf8f55d99/core-jvm-1.0.2.jar:/gradle/caches/modules-2/files-2.1/androidx.sqlite/sqlite-jvm/2.7.1/cd20707af0a21ac0e5d3150218ac0f23771dc56b/sqlite-jvm-2.7.1.jar:/gradle/caches/modules-2/files-2.1/androidx.sqlite/sqlite-bundled-jvm/2.7.1/ab882d5991b28bcbe4a02f480284f4c3c3a84bb9/sqlite-bundled-jvm-2.7.1.jar:/gradle/caches/modules-2/files-2.1/org.jetbrains.kotlinx/kotlinx-serialization-core-jvm/1.11.0/c1905c9bf7452b045d5af9248835abe64ddad6bf/kotlinx-serialization-core-jvm-1.11.0.jar:/gradle/caches/modules-2/files-2.1/androidx.annotation/annotation-jvm/1.9.1/b17951747e38bf3986a24431b9ba0d039958aa5f/annotation-jvm-1.9.1.jar:/gradle/caches/modules-2/files-2.1/org.jetbrains.kotlinx/kotlinx-io-core-jvm/0.9.1/8c926478f17f8109e01e68adee93795c68dcad3c/kotlinx-io-core-jvm-0.9.1.jar:/gradle/caches/modules-2/files-2.1/org.jetbrains.kotlinx/kotlinx-io-bytestring-jvm/0.9.1/7a28d93fce9fc8b663a6fe19cb2ae14a6ade7e8a/kotlinx-io-bytestring-jvm-0.9.1.jar:/gradle/caches/modules-2/files-2.1/org.jetbrains.kotlin/kotlin-stdlib/2.4.20/94c1451890d164aed65d43b3db0b7ecef7c183e7/kotlin-stdlib-2.4.20.jar:/gradle/caches/modules-2/files-2.1/org.jetbrains/annotations/23.0.0/8cc20c07506ec18e0834947b84a864bfc094484e/annotations-23.0.0.jar:/gradle/caches/modules-2/files-2.1/org.slf4j/slf4j-api/2.0.18/78a9e7a37cd6360e0b818e86341b24123d28d4df/slf4j-api-2.0.18.jar:/gradle/caches/modules-2/files-2.1/junit/junit/4.13.2/8ac9e16d933b6fb43bc7f576336b8f4d7eb5ba12/junit-4.13.2.jar:/gradle/caches/modules-2/files-2.1/org.hamcrest/hamcrest-core/1.3/42a25dc3219429f0e5d060061f71acb49bf010a0/hamcrest-core-1.3.jar
Launcher Type: SUN_STANDARD

[Global flags]
     intx CICompilerCount                          = 3                                         {product} {ergonomic}
     uint ConcGCThreads                            = 1                                         {product} {ergonomic}
     uint G1ConcRefinementThreads                  = 4                                         {product} {ergonomic}
   size_t G1HeapRegionSize                         = 1048576                                   {product} {ergonomic}
    uintx GCDrainStackTargetSize                   = 64                                        {product} {ergonomic}
   size_t InitialHeapSize                          = 394264576                                 {product} {ergonomic}
   size_t MarkStackSize                            = 4194304                                   {product} {ergonomic}
   size_t MaxHeapSize                              = 536870912                                 {product} {command line}
   size_t MaxNewSize                               = 321912832                                 {product} {ergonomic}
   size_t MinHeapDeltaBytes                        = 1048576                                   {product} {ergonomic}
   size_t MinHeapSize                              = 8388608                                   {product} {ergonomic}
    uintx NonNMethodCodeHeapSize                   = 5832908                                {pd product} {ergonomic}
    uintx NonProfiledCodeHeapSize                  = 122912666                              {pd product} {ergonomic}
     bool PerfDisableSharedMem                     = true                                      {product} {ergonomic}
    uintx ProfiledCodeHeapSize                     = 122912666                              {pd product} {ergonomic}
    uintx ReservedCodeCacheSize                    = 251658240                              {pd product} {ergonomic}
     bool SegmentedCodeCache                       = true                                      {product} {ergonomic}
   size_t SoftMaxHeapSize                          = 536870912                              {manageable} {ergonomic}
     bool UseCompressedOops                        = true                           {product lp64_product} {ergonomic}
     bool UseG1GC                                  = true                                      {product} {ergonomic}

Logging:
Log output configuration:
 #0: stdout all=warning uptime,level,tags foldmultilines=false
 #1: stderr all=off uptime,level,tags foldmultilines=false

Release file:
IMPLEMENTOR="Eclipse Adoptium"
IMPLEMENTOR_VERSION="Temurin-21.0.12.1+1"
JAVA_RUNTIME_VERSION="21.0.12.1+1-LTS"
JAVA_VERSION="21.0.12.1"
JAVA_VERSION_DATE="2026-08-18"
LIBC="gnu"
MODULES="java.base java.compiler java.datatransfer java.xml java.prefs java.desktop java.instrument java.logging java.management java.security.sasl java.naming java.rmi java.management.rmi java.net.http java.scripting java.security.jgss java.transaction.xa java.sql java.sql.rowset java.xml.crypto java.se java.smartcardio jdk.accessibility jdk.internal.jvmstat jdk.attach jdk.charsets jdk.internal.opt jdk.zipfs jdk.compiler jdk.crypto.ec jdk.crypto.cryptoki jdk.dynalink jdk.internal.ed jdk.editpad jdk.hotspot.agent jdk.httpserver jdk.incubator.vector jdk.internal.le jdk.internal.vm.ci jdk.internal.vm.compiler jdk.internal.vm.compiler.management jdk.jartool jdk.javadoc jdk.jcmd jdk.management jdk.management.agent jdk.jconsole jdk.jdeps jdk.jdwp.agent jdk.jdi jdk.jfr jdk.jlink jdk.jpackage jdk.jshell jdk.jsobject jdk.jstatd jdk.localedata jdk.management.jfr jdk.naming.dns jdk.naming.rmi jdk.net jdk.nio.mapmode jdk.random jdk.sctp jdk.security.auth jdk.security.jgss jdk.unsupported jdk.unsupported.desktop jdk.xml.dom"
OS_ARCH="aarch64"
OS_NAME="Linux"
SOURCE=".:git:1c417fbfc2f7"
BUILD_SOURCE="git:e6ba7dec3d07654074559310376a3ae89da5f4ac"
BUILD_SOURCE_REPO="https://github.com/adoptium/temurin-build.git"
SOURCE_REPO="https://github.com/adoptium/jdk21u.git"
FULL_VERSION="21.0.12.1+1-LTS"
SEMANTIC_VERSION="21.0.12.1+1"
BUILD_INFO="OS: Linux Version: 6.8.0-71-generic"
JVM_VARIANT="Hotspot"
JVM_VERSION="21.0.12.1+1-LTS"
IMAGE_TYPE="JDK"

Environment Variables:
JAVA_HOME=/opt/java/openjdk
PATH=/opt/java/openjdk/bin:/usr/local/sbin:/usr/local/bin:/usr/sbin:/usr/bin:/sbin:/bin
LANG=en_US.UTF-8
LC_ALL=en_US.UTF-8

Active Locale:
LC_ALL=en_US.UTF-8
LC_COLLATE=en_US.UTF-8
LC_CTYPE=en_US.UTF-8
LC_MESSAGES=en_US.UTF-8
LC_MONETARY=en_US.UTF-8
LC_NUMERIC=en_US.UTF-8
LC_TIME=en_US.UTF-8

Signal Handlers:
   SIGSEGV: crash_handler in libjvm.so, mask=11100100010111111101111111111110, flags=SA_RESTART|SA_SIGINFO, unblocked
    SIGBUS: crash_handler in libjvm.so, mask=11100100010111111101111111111110, flags=SA_RESTART|SA_SIGINFO, unblocked
    SIGFPE: crash_handler in libjvm.so, mask=11100100010111111101111111111110, flags=SA_RESTART|SA_SIGINFO, unblocked
   SIGPIPE: javaSignalHandler in libjvm.so, mask=11100100010111111101111111111110, flags=SA_RESTART|SA_SIGINFO, blocked
   SIGXFSZ: javaSignalHandler in libjvm.so, mask=11100100010111111101111111111110, flags=SA_RESTART|SA_SIGINFO, blocked
    SIGILL: crash_handler in libjvm.so, mask=11100100010111111101111111111110, flags=SA_RESTART|SA_SIGINFO, unblocked
   SIGUSR2: SR_handler in libjvm.so, mask=00000000000000000000000000000000, flags=SA_RESTART|SA_SIGINFO, blocked
    SIGHUP: UserHandler in libjvm.so, mask=11100100010111111101111111111110, flags=SA_RESTART|SA_SIGINFO, blocked
    SIGINT: UserHandler in libjvm.so, mask=11100100010111111101111111111110, flags=SA_RESTART|SA_SIGINFO, blocked
   SIGTERM: UserHandler in libjvm.so, mask=11100100010111111101111111111110, flags=SA_RESTART|SA_SIGINFO, blocked
   SIGQUIT: UserHandler in libjvm.so, mask=11100100010111111101111111111110, flags=SA_RESTART|SA_SIGINFO, blocked
   SIGTRAP: crash_handler in libjvm.so, mask=11100100010111111101111111111110, flags=SA_RESTART|SA_SIGINFO, unblocked


Periodic native trim disabled

---------------  S Y S T E M  ---------------

OS:
DISTRIB_ID=Ubuntu
DISTRIB_RELEASE=24.04
DISTRIB_CODENAME=noble
DISTRIB_DESCRIPTION="Ubuntu 24.04.5 LTS"
uname: Linux 6.17.0-1020-oracle #20-Ubuntu SMP Sat Jul 25 00:52:17 UTC 2026 aarch64
OS uptime: 2 days 19:43 hours
libc: glibc 2.39 NPTL 2.39 
rlimit (soft/hard): STACK 8192k/infinity , CORE infinity/infinity , NPROC infinity/infinity , NOFILE 524288/524288 , AS infinity/infinity , CPU infinity/infinity , DATA infinity/infinity , FSIZE infinity/infinity , MEMLOCK 8192k/8192k
load average: 2.47 1.15 0.66

/proc/meminfo:
MemTotal:       24550352 kB
MemFree:         1374316 kB
MemAvailable:   16378292 kB
Buffers:          822496 kB
Cached:         13162848 kB
SwapCached:            0 kB
Active:          6288840 kB
Inactive:       13871576 kB
Active(anon):    4441776 kB
Inactive(anon):  1883248 kB
Active(file):    1847064 kB
Inactive(file): 11988328 kB
Unevictable:     1030348 kB
Mlocked:         1026348 kB
SwapTotal:             0 kB
SwapFree:              0 kB
Zswap:                 0 kB
Zswapped:              0 kB
Dirty:              6364 kB
Writeback:             0 kB
AnonPages:       7205608 kB
Mapped:          1602240 kB
Shmem:             65488 kB
KReclaimable:    1485748 kB
Slab:            1772872 kB
SReclaimable:    1485748 kB
SUnreclaim:       287124 kB
KernelStack:       25808 kB
ShadowCallStack:    6500 kB
PageTables:        64048 kB
SecPageTables:         0 kB
NFS_Unstable:          0 kB
Bounce:                0 kB
WritebackTmp:          0 kB
CommitLimit:    12275176 kB
Committed_AS:   19156432 kB
VmallocTotal:   135288315904 kB
VmallocUsed:       52120 kB
VmallocChunk:          0 kB
Percpu:             6592 kB
HardwareCorrupted:     0 kB
AnonHugePages:      4096 kB
ShmemHugePages:        0 kB
ShmemPmdMapped:        0 kB
FileHugePages:    380928 kB
FilePmdMapped:     10240 kB
CmaTotal:          32768 kB
CmaFree:             128 kB
Balloon:               0 kB
HugePages_Total:       0
HugePages_Free:        0
HugePages_Rsvd:        0
HugePages_Surp:        0
Hugepagesize:       2048 kB
Hugetlb:               0 kB

/sys/kernel/mm/transparent_hugepage/enabled: always [madvise] never
/sys/kernel/mm/transparent_hugepage/hpage_pmd_size: 2097152
/sys/kernel/mm/transparent_hugepage/defrag (defrag/compaction efforts parameter): always defer defer+madvise [madvise] never

Process Memory:
Virtual Size: 4089860K (peak: 4150452K)
Resident Set Size: 98484K (peak: 98484K) (anon: 75964K, file: 22520K, shmem: 0K)
Swapped out: 0K
C-Heap outstanding allocations: 31842K, retained: 3925K
glibc malloc tunables: (default)

/proc/sys/kernel/threads-max (system-wide limit on the number of threads): 190997
/proc/sys/vm/max_map_count (maximum number of memory map areas a process may have): 1048576
/proc/sys/vm/swappiness (control to define how aggressively the kernel swaps out anonymous memory): 60
/proc/sys/kernel/pid_max (system-wide limit on number of process identifiers): 4194304

container (cgroup) information:
container_type: cgroupv2
cpu_cpuset_cpus: 
cpu_memory_nodes: 
active_processor_count: 4
cpu_quota: no quota
cpu_period: 100000
cpu_shares: no shares
cpu_usage_in_micros: 98341905
memory_limit_in_bytes: unlimited
memory_and_swap_limit_in_bytes: unlimited
memory_soft_limit_in_bytes: 0
memory_throttle_limit_in_bytes: unlimited
memory_usage_in_bytes: 1566812 k
memory_max_usage_in_bytes: 1566832 k
rss_usage_in_bytes: 1547268 k
cache_usage_in_bytes: 7032 k
memory_swap_current_in_bytes: 0
memory_swap_max_limit_in_bytes: unlimited
maximum number of tasks: 28649
current number of tasks: 155

KVM virtualization detected
Steal ticks since vm start: 1
Steal ticks percentage since vm start:  0.003

CPU: total 4 (initial active 4) 0x41:0x3:0xd0c:1, fp, asimd, evtstrm, aes, pmull, sha1, sha256, crc32, lse, dcpop
/proc/cpuinfo:
processor	: 0
BogoMIPS	: 50.00
Features	: fp asimd evtstrm aes pmull sha1 sha2 crc32 atomics fphp asimdhp cpuid asimdrdm lrcpc dcpop asimddp
CPU implementer	: 0x41
CPU architecture: 8
CPU variant	: 0x3
CPU part	: 0xd0c
CPU revision	: 1

processor	: 1
BogoMIPS	: 50.00
Features	: fp asimd evtstrm aes pmull sha1 sha2 crc32 atomics fphp asimdhp cpuid asimdrdm lrcpc dcpop asimddp
CPU implementer	: 0x41
CPU architecture: 8
CPU variant	: 0x3
CPU part	: 0xd0c
CPU revision	: 1

processor	: 2
BogoMIPS	: 50.00
Features	: fp asimd evtstrm aes pmull sha1 sha2 crc32 atomics fphp asimdhp cpuid asimdrdm lrcpc dcpop asimddp
CPU implementer	: 0x41
CPU architecture: 8
CPU variant	: 0x3
CPU part	: 0xd0c
CPU revision	: 1

processor	: 3
BogoMIPS	: 50.00
Features	: fp asimd evtstrm aes pmull sha1 sha2 crc32 atomics fphp asimdhp cpuid asimdrdm lrcpc dcpop asimddp
CPU implementer	: 0x41
CPU architecture: 8
CPU variant	: 0x3
CPU part	: 0xd0c
CPU revision	: 1


Online cpus: 0-3
Offline cpus: 

Memory: 4k page, physical 24550352k(16378292k free), swap 0k(0k free)
Page Sizes: 4k

vm_info: OpenJDK 64-Bit Server VM (21.0.12.1+1-LTS) for linux-aarch64 JRE (21.0.12.1+1-LTS), built on 2026-08-18T00:00:00Z by "admin" with gcc 11.3.0

END.
